id,arm,month,state,eq5d,utility,vas
1,A,0.0,PF,42444,0.293,41.0
1,A,3.0,PF,22222,0.73,85.0
1,A,6.0,PF,22333,0.676,64.0
1,A,12.0,PF,32233,0.6940000000000001,67.0
2,A,0.0,PF,21132,0.772,80.0
2,A,3.0,PF,21112,0.8250000000000001,83.0
2,A,6.0,PF,21121,0.8160000000000001,68.0
2,A,12.0,PF,11211,0.883,95.0
2,A,18.0,PD,11122,0.829,64.0
2,A,24.0,PD,21221,0.795,86.0
3,A,0.0,PF,21322,0.732,68.0
3,A,3.0,PD,22343,0.48499999999999993,47.0
4,A,0.0,PF,22222,0.73,60.0
4,A,3.0,PF,21223,0.749,67.0
4,A,6.0,PF,21222,0.762,54.0
4,A,12.0,PF,21122,0.783,60.0
4,A,18.0,PF,11232,0.797,73.0
4,A,24.0,PF,21322,0.732,62.0
5,A,0.0,PF,22232,0.7190000000000001,67.0
5,A,3.0,PF,11222,0.808,87.0
5,A,6.0,PF,21222,0.762,72.0
5,A,12.0,PF,21221,0.795,91.0
5,A,18.0,PF,22332,0.6890000000000001,60.0
5,A,24.0,PD,21222,0.762,70.0
6,A,0.0,PF,22232,0.7190000000000001,59.0
6,A,3.0,PF,22333,0.676,56.0
6,A,6.0,PF,42344,0.342,56.0
7,A,0.0,PF,21222,0.762,74.0
7,A,3.0,PF,22232,0.7190000000000001,69.0
7,A,6.0,PD,32354,0.37600000000000006,39.0
7,A,12.0,PD,42342,0.411,62.0
7,A,18.0,PD,22444,0.38,65.0
7,A,24.0,PD,33444,0.35,46.0
8,A,0.0,PF,11111,1.0,95.0
8,A,3.0,PF,11111,1.0,84.0
8,A,6.0,PF,11111,1.0,83.0
8,A,12.0,PF,11111,1.0,100.0
8,A,18.0,PF,11111,1.0,87.0
8,A,24.0,PD,11111,1.0,77.0
9,A,0.0,PF,22232,0.7190000000000001,60.0
9,A,3.0,PF,22233,0.706,63.0
9,A,6.0,PF,22344,0.429,49.0
9,A,12.0,PF,33243,0.48499999999999993,70.0
9,A,18.0,PF,22222,0.73,70.0
9,A,24.0,PD,43344,0.324,43.0
10,A,0.0,PF,22434,0.49299999999999994,53.0
10,A,3.0,PF,32343,0.47300000000000003,53.0
10,A,6.0,PF,32234,0.56,41.0
10,A,12.0,PD,32335,0.49499999999999994,57.0
10,A,18.0,PD,34444,0.322,42.0
10,A,24.0,PD,43444,0.27499999999999997,43.0
11,A,0.0,PF,21112,0.8250000000000001,64.0
11,A,3.0,PF,21122,0.783,77.0
11,A,6.0,PF,21111,0.858,88.0
11,A,12.0,PF,21222,0.762,75.0
11,A,18.0,PD,32222,0.718,62.0
11,A,24.0,PD,21232,0.751,87.0
12,A,0.0,PF,31222,0.75,63.0
12,A,3.0,PF,32242,0.5160000000000001,54.0
12,A,6.0,PF,22232,0.7190000000000001,76.0
12,A,12.0,PF,11222,0.808,73.0
12,A,18.0,PF,11112,0.871,71.0
12,A,24.0,PF,11222,0.808,76.0
13,A,0.0,PF,21121,0.8160000000000001,79.0
13,A,3.0,PF,11111,1.0,76.0
13,A,6.0,PF,11121,0.862,81.0
13,A,12.0,PF,11111,1.0,85.0
13,A,18.0,PF,11121,0.862,99.0
13,A,24.0,PF,11122,0.829,75.0
14,A,0.0,PF,11211,0.883,80.0
15,A,0.0,PF,11123,0.8160000000000001,83.0
15,A,3.0,PF,12222,0.776,84.0
15,A,6.0,PF,11222,0.808,76.0
15,A,12.0,PF,11111,1.0,94.0
15,A,18.0,PF,11211,0.883,81.0
15,A,24.0,PD,32234,0.56,64.0
16,A,0.0,PF,11221,0.841,69.0
16,A,3.0,PF,21322,0.732,72.0
16,A,6.0,PF,11221,0.841,72.0
16,A,12.0,PF,31222,0.75,73.0
16,A,18.0,PF,11222,0.808,84.0
16,A,24.0,PF,11111,1.0,82.0
17,A,0.0,PF,22232,0.7190000000000001,63.0
18,A,0.0,PF,23343,0.467,58.0
18,A,3.0,PF,22232,0.7190000000000001,66.0
18,A,6.0,PF,32222,0.718,69.0
18,A,12.0,PF,22222,0.73,64.0
18,A,18.0,PF,22233,0.706,72.0
18,A,24.0,PF,23323,0.669,63.0
19,A,0.0,PF,22332,0.6890000000000001,86.0
19,A,3.0,PF,32222,0.718,72.0
19,A,6.0,PF,31322,0.72,80.0
19,A,12.0,PF,32212,0.76,68.0
19,A,18.0,PF,22122,0.751,69.0
19,A,24.0,PF,22232,0.7190000000000001,91.0
20,A,0.0,PF,32342,0.48600000000000004,51.0
20,A,3.0,PF,11121,0.862,80.0
20,A,6.0,PF,21333,0.708,78.0
20,A,12.0,PF,21231,0.784,80.0
20,A,18.0,PF,22232,0.7190000000000001,67.0
20,A,24.0,PD,33333,0.646,76.0
21,A,0.0,PF,11112,0.871,70.0
21,A,3.0,PD,21222,0.762,82.0
21,A,6.0,PD,21233,0.738,63.0
21,A,12.0,PD,21222,0.762,87.0
22,A,0.0,PF,21232,0.751,70.0
22,A,3.0,PF,22233,0.706,72.0
22,A,6.0,PD,22333,0.676,67.0
22,A,12.0,PD,32433,0.537,58.0
22,A,18.0,PD,32432,0.55,45.0
23,A,0.0,PF,11221,0.841,81.0
24,A,0.0,PF,22243,0.515,50.0
24,A,3.0,PF,22322,0.7,60.0
24,A,6.0,PF,21222,0.762,70.0
24,A,12.0,PF,32233,0.6940000000000001,70.0
24,A,18.0,PD,33343,0.455,46.0
25,A,0.0,PF,21222,0.762,70.0
25,A,3.0,PF,22233,0.706,62.0
25,A,6.0,PD,42343,0.398,51.0
25,A,12.0,PD,32242,0.5160000000000001,61.0
25,A,18.0,PD,34233,0.5700000000000001,57.0
26,A,0.0,PF,11111,1.0,94.0
26,A,3.0,PF,11111,1.0,91.0
26,A,6.0,PF,21222,0.762,72.0
26,A,12.0,PF,21122,0.783,63.0
26,A,18.0,PD,21233,0.738,75.0
26,A,24.0,PD,21322,0.732,65.0
27,A,0.0,PF,32222,0.718,65.0
27,A,3.0,PF,21131,0.805,67.0
27,A,6.0,PF,22222,0.73,83.0
27,A,12.0,PF,21221,0.795,71.0
27,A,18.0,PF,21123,0.77,82.0
27,A,24.0,PF,12232,0.765,88.0
28,A,0.0,PF,32232,0.7070000000000001,70.0
28,A,3.0,PF,21222,0.762,70.0
28,A,6.0,PF,22223,0.7170000000000001,70.0
28,A,12.0,PF,11121,0.862,74.0
28,A,18.0,PF,21222,0.762,57.0
28,A,24.0,PF,21233,0.738,74.0
29,A,0.0,PF,11121,0.862,86.0
29,A,3.0,PF,11222,0.808,65.0
29,A,6.0,PF,11221,0.841,87.0
29,A,12.0,PF,21222,0.762,63.0
29,A,18.0,PF,11111,1.0,99.0
29,A,24.0,PF,21122,0.783,81.0
30,A,0.0,PF,11121,0.862,78.0
31,A,0.0,PF,21222,0.762,90.0
31,A,3.0,PF,11231,0.8300000000000001,85.0
31,A,6.0,PF,11211,0.883,80.0
31,A,12.0,PF,11221,0.841,87.0
31,A,18.0,PF,21222,0.762,83.0
31,A,24.0,PF,11211,0.883,77.0
32,A,0.0,PF,11211,0.883,67.0
32,A,3.0,PF,11111,1.0,81.0
32,A,6.0,PF,11122,0.829,67.0
32,A,12.0,PF,11112,0.871,82.0
32,A,18.0,PF,11111,1.0,94.0
32,A,24.0,PD,11221,0.841,75.0
33,A,0.0,PF,21234,0.6040000000000001,45.0
33,A,3.0,PF,22353,0.444,55.0
33,A,6.0,PF,33443,0.40599999999999997,53.0
33,A,12.0,PF,22233,0.706,66.0
33,A,18.0,PF,22434,0.49299999999999994,58.0
33,A,24.0,PF,22233,0.706,79.0
34,A,0.0,PF,21222,0.762,66.0
34,A,3.0,PF,11222,0.808,78.0
34,A,6.0,PF,21112,0.8250000000000001,79.0
34,A,12.0,PF,11232,0.797,75.0
34,A,18.0,PD,21221,0.795,89.0
34,A,24.0,PD,22222,0.73,70.0
35,A,0.0,PF,11121,0.862,82.0
35,A,3.0,PF,12222,0.776,71.0
35,A,6.0,PF,22233,0.706,76.0
36,A,0.0,PF,11221,0.841,77.0
36,A,3.0,PF,11111,1.0,90.0
36,A,6.0,PD,11111,1.0,100.0
36,A,12.0,PD,11111,1.0,79.0
36,A,18.0,PD,11221,0.841,77.0
36,A,24.0,PD,22232,0.7190000000000001,71.0
37,A,0.0,PF,11111,1.0,90.0
37,A,3.0,PF,11111,1.0,96.0
37,A,6.0,PF,21122,0.783,76.0
37,A,12.0,PD,11121,0.862,70.0
37,A,18.0,PD,11111,1.0,91.0
37,A,24.0,PD,21122,0.783,58.0
38,A,0.0,PF,21112,0.8250000000000001,67.0
38,A,3.0,PF,23343,0.467,41.0
38,A,6.0,PF,22222,0.73,61.0
38,A,12.0,PF,11222,0.808,80.0
38,A,18.0,PF,11121,0.862,82.0
38,A,24.0,PF,11322,0.778,63.0
39,A,0.0,PF,11111,1.0,94.0
39,A,3.0,PF,11111,1.0,94.0
39,A,6.0,PF,11111,1.0,87.0
39,A,12.0,PD,21222,0.762,69.0
39,A,18.0,PD,22222,0.73,79.0
39,A,24.0,PD,21223,0.749,68.0
40,A,0.0,PF,22222,0.73,81.0
40,A,3.0,PF,21322,0.732,73.0
40,A,6.0,PF,21132,0.772,70.0
41,A,0.0,PF,11232,0.797,85.0
41,A,3.0,PF,11111,1.0,83.0
41,A,6.0,PD,23433,0.531,51.0
41,A,12.0,PD,32333,0.664,74.0
41,A,18.0,PD,32232,0.7070000000000001,79.0
41,A,24.0,PD,22222,0.73,77.0
42,A,0.0,PF,11212,0.85,66.0
42,A,3.0,PF,11111,1.0,89.0
42,A,6.0,PF,21111,0.858,67.0
42,A,12.0,PD,21222,0.762,68.0
42,A,18.0,PD,11221,0.841,62.0
43,A,0.0,PF,11111,1.0,96.0
43,A,3.0,PF,22222,0.73,67.0
43,A,6.0,PD,21222,0.762,73.0
43,A,12.0,PD,31223,0.737,56.0
44,A,0.0,PF,21223,0.749,81.0
44,A,3.0,PF,21232,0.751,62.0
44,A,6.0,PF,21212,0.804,82.0
44,A,12.0,PF,21121,0.8160000000000001,80.0
44,A,18.0,PF,11111,1.0,96.0
44,A,24.0,PF,21222,0.762,66.0
45,A,0.0,PF,21111,0.858,77.0
45,A,3.0,PD,22232,0.7190000000000001,76.0
46,A,0.0,PF,11211,0.883,73.0
46,A,3.0,PF,11111,1.0,100.0
46,A,6.0,PF,22222,0.73,78.0
46,A,12.0,PD,21222,0.762,65.0
46,A,18.0,PD,11231,0.8300000000000001,84.0
46,A,24.0,PD,22232,0.7190000000000001,83.0
47,A,0.0,PF,21221,0.795,72.0
47,A,3.0,PF,11232,0.797,76.0
47,A,6.0,PF,11221,0.841,70.0
47,A,12.0,PF,32233,0.6940000000000001,75.0
47,A,18.0,PF,21233,0.738,68.0
47,A,24.0,PF,11221,0.841,67.0
48,A,0.0,PF,22222,0.73,66.0
48,A,3.0,PF,11223,0.795,75.0
48,A,6.0,PF,22232,0.7190000000000001,60.0
48,A,12.0,PF,21234,0.6040000000000001,67.0
48,A,18.0,PF,12321,0.779,79.0
48,A,24.0,PF,32322,0.6880000000000001,67.0
49,A,0.0,PF,11122,0.829,83.0
49,A,3.0,PF,11122,0.829,85.0
49,A,6.0,PF,21122,0.783,74.0
49,A,12.0,PF,21222,0.762,72.0
50,A,0.0,PF,11222,0.808,83.0
50,A,3.0,PF,11111,1.0,90.0
50,A,6.0,PF,22222,0.73,66.0
50,A,12.0,PF,11111,1.0,90.0
50,A,18.0,PD,22322,0.7,72.0
51,A,0.0,PF,11122,0.829,70.0
51,A,3.0,PF,21111,0.858,75.0
51,A,6.0,PF,11222,0.808,64.0
51,A,12.0,PF,11111,1.0,83.0
51,A,18.0,PF,22221,0.763,74.0
51,A,24.0,PF,21123,0.77,72.0
52,A,0.0,PF,11111,1.0,82.0
52,A,3.0,PF,11111,1.0,88.0
52,A,6.0,PF,11121,0.862,86.0
52,A,12.0,PF,11111,1.0,95.0
52,A,18.0,PF,11111,1.0,95.0
52,A,24.0,PD,11111,1.0,74.0
53,A,0.0,PF,21212,0.804,67.0
53,A,3.0,PF,11111,1.0,100.0
53,A,6.0,PF,11111,1.0,80.0
53,A,12.0,PF,11111,1.0,80.0
53,A,18.0,PF,11112,0.871,68.0
54,A,0.0,PF,21112,0.8250000000000001,73.0
54,A,3.0,PF,11111,1.0,90.0
54,A,6.0,PD,22122,0.751,69.0
54,A,12.0,PD,21122,0.783,78.0
54,A,18.0,PD,12322,0.746,58.0
54,A,24.0,PD,22222,0.73,59.0
55,A,0.0,PF,42443,0.349,62.0
55,A,3.0,PF,22242,0.5280000000000001,68.0
55,A,6.0,PF,33454,0.309,47.0
55,A,12.0,PF,31232,0.739,75.0
55,A,18.0,PD,52434,0.288,45.0
55,A,24.0,PD,23354,0.37000000000000005,47.0
56,A,0.0,PF,21222,0.762,79.0
56,A,3.0,PF,21433,0.5810000000000001,54.0
56,A,6.0,PF,22233,0.706,71.0
56,A,12.0,PF,21222,0.762,65.0
57,A,0.0,PF,23222,0.712,69.0
57,A,3.0,PF,32223,0.7050000000000001,57.0
57,A,6.0,PF,22243,0.515,57.0
57,A,12.0,PD,32242,0.5160000000000001,63.0
58,A,0.0,PF,11122,0.829,77.0
58,A,3.0,PF,21232,0.751,62.0
58,A,6.0,PD,22232,0.7190000000000001,63.0
58,A,12.0,PD,22232,0.7190000000000001,85.0
58,A,18.0,PD,32334,0.5300000000000001,56.0
58,A,24.0,PD,32342,0.48600000000000004,56.0
59,A,0.0,PF,11112,0.871,66.0
60,A,0.0,PF,22233,0.706,63.0
60,A,3.0,PF,22242,0.5280000000000001,59.0
60,A,6.0,PF,32223,0.7050000000000001,79.0
60,A,12.0,PF,32343,0.47300000000000003,49.0
60,A,18.0,PF,32232,0.7070000000000001,79.0
60,A,24.0,PF,33433,0.519,59.0
61,A,0.0,PF,22232,0.7190000000000001,75.0
61,A,3.0,PF,42222,0.5650000000000001,54.0
61,A,6.0,PF,32444,0.368,41.0
61,A,12.0,PF,32333,0.664,63.0
61,A,18.0,PF,32333,0.664,66.0
61,A,24.0,PF,22233,0.706,65.0
62,A,0.0,PF,22232,0.7190000000000001,68.0
62,A,3.0,PF,21211,0.837,81.0
62,A,6.0,PF,11122,0.829,81.0
62,A,12.0,PF,12221,0.809,80.0
62,A,18.0,PF,11121,0.862,73.0
62,A,24.0,PF,11222,0.808,78.0
63,A,0.0,PF,43343,0.38,59.0
63,A,3.0,PF,32332,0.677,70.0
63,A,6.0,PF,22442,0.449,69.0
64,A,0.0,PF,23232,0.7010000000000001,65.0
64,A,3.0,PF,43434,0.388,59.0
64,A,6.0,PF,32443,0.424,45.0
64,A,12.0,PF,43343,0.38,36.0
64,A,18.0,PF,11232,0.797,82.0
64,A,24.0,PF,44444,0.24700000000000005,45.0
65,A,0.0,PF,21232,0.751,77.0
65,A,3.0,PF,11222,0.808,78.0
65,A,6.0,PF,11222,0.808,78.0
65,A,12.0,PF,22242,0.5280000000000001,65.0
65,A,18.0,PF,21221,0.795,72.0
65,A,24.0,PF,11222,0.808,72.0
66,A,0.0,PF,11222,0.808,84.0
66,A,3.0,PF,21121,0.8160000000000001,63.0
66,A,6.0,PD,21222,0.762,75.0
66,A,12.0,PD,31232,0.739,63.0
66,A,18.0,PD,21221,0.795,77.0
66,A,24.0,PD,11222,0.808,74.0
67,A,0.0,PF,12322,0.746,54.0
67,A,3.0,PF,22133,0.7270000000000001,76.0
67,A,6.0,PF,21222,0.762,62.0
67,A,12.0,PF,21222,0.762,77.0
67,A,18.0,PF,22332,0.6890000000000001,63.0
68,A,0.0,PF,11111,1.0,100.0
68,A,3.0,PF,11111,1.0,78.0
69,A,0.0,PF,21222,0.762,65.0
70,A,0.0,PF,11111,1.0,86.0
70,A,3.0,PF,11111,1.0,95.0
71,A,0.0,PF,21122,0.783,90.0
71,A,3.0,PF,12242,0.5740000000000001,63.0
71,A,6.0,PF,32232,0.7070000000000001,78.0
71,A,12.0,PF,21232,0.751,84.0
71,A,18.0,PF,32243,0.503,53.0
71,A,24.0,PF,12121,0.8300000000000001,72.0
72,A,0.0,PF,11223,0.795,66.0
72,A,3.0,PF,11221,0.841,76.0
72,A,6.0,PF,21222,0.762,80.0
72,A,12.0,PF,21222,0.762,95.0
72,A,18.0,PF,11121,0.862,81.0
72,A,24.0,PF,22122,0.751,67.0
73,A,0.0,PF,33243,0.48499999999999993,62.0
73,A,3.0,PF,32232,0.7070000000000001,84.0
73,A,6.0,PF,31333,0.6960000000000001,75.0
73,A,12.0,PF,22333,0.676,64.0
73,A,18.0,PF,22342,0.49800000000000005,57.0
73,A,24.0,PF,21232,0.751,66.0
74,A,0.0,PF,22342,0.49800000000000005,41.0
74,A,3.0,PF,21242,0.56,68.0
74,A,6.0,PF,11232,0.797,83.0
74,A,12.0,PF,31222,0.75,68.0
74,A,18.0,PD,32433,0.537,68.0
75,A,0.0,PF,21212,0.804,76.0
75,A,3.0,PF,11111,1.0,89.0
75,A,6.0,PD,21322,0.732,71.0
75,A,12.0,PD,22232,0.7190000000000001,67.0
76,A,0.0,PF,22222,0.73,82.0
76,A,3.0,PF,31332,0.7090000000000001,60.0
76,A,6.0,PF,22232,0.7190000000000001,69.0
76,A,12.0,PD,24444,0.334,48.0
77,A,0.0,PF,11111,1.0,94.0
77,A,3.0,PF,11221,0.841,75.0
77,A,6.0,PF,11111,1.0,84.0
77,A,12.0,PF,11111,1.0,84.0
77,A,18.0,PF,11111,1.0,96.0
77,A,24.0,PF,21111,0.858,74.0
78,A,0.0,PF,21232,0.751,71.0
78,A,3.0,PF,21222,0.762,75.0
78,A,6.0,PF,21322,0.732,58.0
78,A,12.0,PF,21222,0.762,65.0
78,A,18.0,PF,21222,0.762,75.0
78,A,24.0,PF,11222,0.808,71.0
79,A,0.0,PF,11121,0.862,78.0
79,A,3.0,PF,11111,1.0,78.0
79,A,6.0,PF,11111,1.0,99.0
79,A,12.0,PF,11111,1.0,76.0
79,A,18.0,PD,22222,0.73,78.0
79,A,24.0,PD,21232,0.751,70.0
80,A,0.0,PF,11111,1.0,91.0
80,A,3.0,PF,12212,0.8180000000000001,90.0
80,A,6.0,PF,21232,0.751,68.0
81,A,0.0,PF,23322,0.682,56.0
81,A,3.0,PF,22332,0.6890000000000001,74.0
81,A,6.0,PF,22223,0.7170000000000001,72.0
81,A,12.0,PF,11232,0.797,80.0
82,A,0.0,PF,22122,0.751,59.0
82,A,3.0,PF,22222,0.73,68.0
82,A,6.0,PF,11232,0.797,63.0
82,A,12.0,PF,11222,0.808,65.0
82,A,18.0,PF,21112,0.8250000000000001,81.0
82,A,24.0,PF,21121,0.8160000000000001,86.0
83,A,0.0,PF,11131,0.851,82.0
83,A,3.0,PD,11122,0.829,74.0
83,A,6.0,PD,11222,0.808,73.0
83,A,12.0,PD,22344,0.429,51.0
83,A,18.0,PD,22333,0.676,72.0
84,A,0.0,PF,22223,0.7170000000000001,84.0
84,A,3.0,PF,22332,0.6890000000000001,60.0
84,A,6.0,PF,11222,0.808,72.0
84,A,12.0,PD,22232,0.7190000000000001,78.0
84,A,18.0,PD,42254,0.331,56.0
84,A,24.0,PD,43333,0.49299999999999994,54.0
85,A,0.0,PF,22232,0.7190000000000001,53.0
85,A,3.0,PF,22223,0.7170000000000001,78.0
85,A,6.0,PF,23233,0.6880000000000001,67.0
85,A,12.0,PF,22333,0.676,62.0
85,A,18.0,PD,42233,0.541,51.0
85,A,24.0,PD,53445,0.12199999999999996,47.0
86,A,0.0,PF,11121,0.862,87.0
86,A,3.0,PF,21221,0.795,85.0
86,A,6.0,PD,11222,0.808,59.0
86,A,12.0,PD,11122,0.829,79.0
86,A,18.0,PD,21222,0.762,74.0
86,A,24.0,PD,11222,0.808,83.0
87,A,0.0,PF,11221,0.841,73.0
87,A,3.0,PF,11121,0.862,79.0
87,A,6.0,PF,11232,0.797,75.0
87,A,12.0,PF,21222,0.762,65.0
87,A,18.0,PF,11112,0.871,85.0
87,A,24.0,PF,11211,0.883,81.0
88,A,0.0,PF,21212,0.804,63.0
88,A,3.0,PF,11112,0.871,70.0
88,A,6.0,PF,21232,0.751,59.0
88,A,12.0,PF,11212,0.85,70.0
88,A,18.0,PF,12222,0.776,53.0
88,A,24.0,PD,22233,0.706,58.0
89,A,0.0,PF,11221,0.841,81.0
89,A,3.0,PF,11211,0.883,82.0
89,A,6.0,PF,11221,0.841,77.0
89,A,12.0,PF,11221,0.841,73.0
89,A,18.0,PF,12222,0.776,81.0
89,A,24.0,PF,21222,0.762,86.0
90,A,0.0,PF,21112,0.8250000000000001,73.0
90,A,3.0,PF,21322,0.732,73.0
90,A,6.0,PF,11111,1.0,77.0
90,A,12.0,PF,21122,0.783,87.0
90,A,18.0,PF,22132,0.74,66.0
90,A,24.0,PF,11221,0.841,86.0
91,A,0.0,PF,21222,0.762,78.0
91,A,3.0,PF,21232,0.751,70.0
91,A,6.0,PF,21221,0.795,73.0
91,A,12.0,PF,21221,0.795,84.0
91,A,18.0,PF,11231,0.8300000000000001,78.0
91,A,24.0,PD,21222,0.762,72.0
92,A,0.0,PF,21222,0.762,61.0
92,A,3.0,PF,21223,0.749,73.0
92,A,6.0,PF,22322,0.7,70.0
92,A,12.0,PF,21232,0.751,76.0
92,A,18.0,PF,22232,0.7190000000000001,67.0
92,A,24.0,PF,22222,0.73,67.0
93,A,0.0,PF,11221,0.841,66.0
93,A,3.0,PF,11111,1.0,84.0
93,A,6.0,PF,11221,0.841,72.0
94,A,0.0,PF,11111,1.0,93.0
94,A,3.0,PF,11121,0.862,81.0
94,A,6.0,PF,11111,1.0,100.0
94,A,12.0,PF,11111,1.0,85.0
94,A,18.0,PF,11211,0.883,69.0
94,A,24.0,PF,11122,0.829,67.0
95,A,0.0,PF,11111,1.0,72.0
95,A,3.0,PF,11111,1.0,85.0
95,A,6.0,PF,11121,0.862,83.0
95,A,12.0,PF,11221,0.841,96.0
95,A,18.0,PD,21132,0.772,85.0
95,A,24.0,PD,21121,0.8160000000000001,84.0
96,A,0.0,PF,11111,1.0,98.0
96,A,3.0,PF,11111,1.0,96.0
96,A,6.0,PF,11111,1.0,87.0
96,A,12.0,PF,11111,1.0,84.0
96,A,18.0,PF,21121,0.8160000000000001,68.0
96,A,24.0,PF,11111,1.0,99.0
97,A,0.0,PF,22232,0.7190000000000001,62.0
97,A,3.0,PF,11111,1.0,91.0
97,A,6.0,PF,22122,0.751,87.0
97,A,12.0,PF,11121,0.862,57.0
97,A,18.0,PF,21121,0.8160000000000001,86.0
97,A,24.0,PF,11222,0.808,77.0
98,A,0.0,PF,11121,0.862,73.0
98,A,3.0,PF,11121,0.862,78.0
98,A,6.0,PF,11121,0.862,81.0
98,A,12.0,PF,11222,0.808,83.0
98,A,18.0,PD,22322,0.7,68.0
98,A,24.0,PD,21232,0.751,73.0
99,A,0.0,PF,11232,0.797,76.0
99,A,3.0,PF,11111,1.0,82.0
99,A,6.0,PF,11121,0.862,94.0
99,A,12.0,PF,11111,1.0,89.0
100,A,0.0,PF,21121,0.8160000000000001,73.0
100,A,3.0,PF,11121,0.862,68.0
101,A,0.0,PF,11111,1.0,76.0
101,A,3.0,PF,11121,0.862,80.0
101,A,6.0,PF,11111,1.0,100.0
101,A,12.0,PF,11111,1.0,93.0
101,A,18.0,PF,21121,0.8160000000000001,76.0
101,A,24.0,PF,11111,1.0,92.0
102,A,0.0,PF,11221,0.841,100.0
102,A,3.0,PF,11111,1.0,81.0
102,A,6.0,PF,11121,0.862,88.0
102,A,12.0,PF,21112,0.8250000000000001,67.0
103,A,0.0,PF,21332,0.7210000000000001,70.0
103,A,3.0,PD,32444,0.368,53.0
103,A,6.0,PD,22444,0.38,59.0
104,A,0.0,PF,41223,0.5840000000000001,74.0
104,A,3.0,PF,31222,0.75,67.0
104,A,6.0,PD,32243,0.503,51.0
104,A,12.0,PD,43434,0.388,52.0
104,A,18.0,PD,43343,0.38,61.0
104,A,24.0,PD,42444,0.293,41.0
105,A,0.0,PF,21221,0.795,72.0
105,A,3.0,PF,21121,0.8160000000000001,76.0
105,A,6.0,PF,21122,0.783,65.0
106,A,0.0,PF,22332,0.6890000000000001,66.0
106,A,3.0,PF,21222,0.762,62.0
106,A,6.0,PF,11112,0.871,86.0
106,A,12.0,PF,21222,0.762,73.0
106,A,18.0,PF,21232,0.751,75.0
106,A,24.0,PF,21222,0.762,84.0
107,A,0.0,PF,11111,1.0,92.0
107,A,3.0,PF,22122,0.751,66.0
107,A,6.0,PF,21132,0.772,62.0
107,A,12.0,PF,21222,0.762,67.0
107,A,18.0,PF,21222,0.762,73.0
107,A,24.0,PF,32223,0.7050000000000001,66.0
108,A,0.0,PF,11221,0.841,69.0
108,A,3.0,PF,21322,0.732,66.0
108,A,6.0,PF,11231,0.8300000000000001,83.0
108,A,12.0,PF,12232,0.765,69.0
108,A,18.0,PF,11121,0.862,73.0
108,A,24.0,PF,21232,0.751,85.0
109,A,0.0,PF,11111,1.0,97.0
109,A,3.0,PF,11111,1.0,90.0
109,A,6.0,PF,11121,0.862,72.0
109,A,12.0,PF,11111,1.0,86.0
109,A,18.0,PF,21121,0.8160000000000001,82.0
109,A,24.0,PF,11111,1.0,94.0
110,A,0.0,PF,21132,0.772,65.0
111,A,0.0,PF,22233,0.706,70.0
111,A,3.0,PF,31233,0.726,83.0
111,A,6.0,PF,32232,0.7070000000000001,72.0
111,A,12.0,PF,22332,0.6890000000000001,60.0
111,A,18.0,PF,22243,0.515,51.0
111,A,24.0,PF,32333,0.664,78.0
112,A,0.0,PF,12222,0.776,62.0
112,A,3.0,PF,21322,0.732,72.0
113,A,0.0,PF,21232,0.751,66.0
113,A,3.0,PF,32233,0.6940000000000001,60.0
113,A,6.0,PF,23233,0.6880000000000001,60.0
113,A,12.0,PF,22223,0.7170000000000001,69.0
113,A,18.0,PF,22232,0.7190000000000001,70.0
113,A,24.0,PF,22334,0.5420000000000001,51.0
114,A,0.0,PF,21122,0.783,79.0
114,A,3.0,PF,21222,0.762,65.0
114,A,6.0,PF,11222,0.808,74.0
114,A,12.0,PF,21233,0.738,71.0
114,A,18.0,PF,12222,0.776,76.0
115,A,0.0,PF,11221,0.841,86.0
115,A,3.0,PF,22323,0.687,64.0
115,A,6.0,PF,22222,0.73,90.0
115,A,12.0,PD,22222,0.73,64.0
115,A,18.0,PD,42555,0.14200000000000007,51.0
115,A,24.0,PD,22344,0.429,45.0
116,A,0.0,PF,21323,0.7190000000000001,71.0
117,A,0.0,PF,22332,0.6890000000000001,69.0
117,A,3.0,PF,22233,0.706,52.0
117,A,6.0,PF,22223,0.7170000000000001,65.0
117,A,12.0,PD,42444,0.293,35.0
117,A,18.0,PD,42433,0.462,45.0
117,A,24.0,PD,31343,0.505,65.0
118,A,0.0,PF,32342,0.48600000000000004,41.0
118,A,3.0,PF,32233,0.6940000000000001,71.0
118,A,6.0,PF,21322,0.732,81.0
119,A,0.0,PF,11111,1.0,84.0
119,A,3.0,PF,21222,0.762,63.0
119,A,6.0,PF,21133,0.759,68.0
119,A,12.0,PF,21122,0.783,64.0
119,A,18.0,PF,21222,0.762,80.0
119,A,24.0,PF,21233,0.738,58.0
120,A,0.0,PF,22332,0.6890000000000001,72.0
120,A,3.0,PF,22233,0.706,81.0
120,A,6.0,PF,32223,0.7050000000000001,71.0
120,A,12.0,PF,21333,0.708,64.0
120,A,18.0,PD,32333,0.664,47.0
120,A,24.0,PD,42344,0.342,49.0
121,A,0.0,PF,11111,1.0,80.0
121,A,3.0,PF,21242,0.56,64.0
121,A,6.0,PF,11221,0.841,66.0
121,A,12.0,PF,11112,0.871,96.0
121,A,18.0,PF,22122,0.751,71.0
121,A,24.0,PF,21222,0.762,54.0
122,A,0.0,PF,22333,0.676,66.0
122,A,3.0,PD,21232,0.751,60.0
122,A,6.0,PD,22232,0.7190000000000001,71.0
123,A,0.0,PF,21221,0.795,68.0
123,A,3.0,PF,11122,0.829,76.0
123,A,6.0,PF,11112,0.871,64.0
123,A,12.0,PD,22132,0.74,68.0
124,A,0.0,PF,21232,0.751,93.0
124,A,3.0,PF,32434,0.48100000000000004,56.0
124,A,6.0,PF,21221,0.795,68.0
124,A,12.0,PD,33454,0.309,35.0
125,A,0.0,PF,21232,0.751,77.0
125,A,3.0,PF,21233,0.738,59.0
125,A,6.0,PF,22233,0.706,65.0
125,A,12.0,PF,22344,0.429,42.0
125,A,18.0,PF,31322,0.72,58.0
125,A,24.0,PF,22233,0.706,54.0
126,A,0.0,PF,22333,0.676,69.0
126,A,3.0,PD,42353,0.35700000000000004,56.0
126,A,6.0,PD,42343,0.398,62.0
126,A,12.0,PD,22232,0.7190000000000001,70.0
127,A,0.0,PF,11222,0.808,85.0
127,A,3.0,PF,22222,0.73,63.0
127,A,6.0,PF,21233,0.738,70.0
127,A,12.0,PF,21222,0.762,79.0
127,A,18.0,PF,21222,0.762,80.0
127,A,24.0,PD,22232,0.7190000000000001,88.0
128,A,0.0,PF,22222,0.73,68.0
128,A,3.0,PD,22332,0.6890000000000001,73.0
129,A,0.0,PF,11121,0.862,77.0
129,A,3.0,PF,12133,0.773,83.0
129,A,6.0,PF,11332,0.767,64.0
129,A,12.0,PF,11121,0.862,84.0
129,A,18.0,PD,21221,0.795,74.0
129,A,24.0,PD,22243,0.515,58.0
130,A,0.0,PF,21212,0.804,66.0
130,A,3.0,PF,11111,1.0,100.0
130,A,6.0,PF,21322,0.732,86.0
130,A,12.0,PF,11122,0.829,78.0
130,A,18.0,PF,11111,1.0,84.0
130,A,24.0,PF,21112,0.8250000000000001,75.0
131,A,0.0,PF,11111,1.0,85.0
131,A,3.0,PF,11111,1.0,84.0
131,A,6.0,PF,21322,0.732,68.0
131,A,12.0,PD,21233,0.738,89.0
131,A,18.0,PD,32342,0.48600000000000004,47.0
131,A,24.0,PD,32332,0.677,54.0
132,A,0.0,PF,22343,0.48499999999999993,52.0
132,A,3.0,PF,22243,0.515,42.0
132,A,6.0,PF,22323,0.687,82.0
132,A,12.0,PD,33453,0.365,51.0
132,A,18.0,PD,23232,0.7010000000000001,77.0
132,A,24.0,PD,34454,0.28099999999999997,33.0
133,A,0.0,PF,12222,0.776,85.0
133,A,3.0,PF,11121,0.862,71.0
133,A,6.0,PF,12222,0.776,73.0
133,A,12.0,PF,21332,0.7210000000000001,67.0
133,A,18.0,PF,12121,0.8300000000000001,67.0
133,A,24.0,PF,11121,0.862,61.0
134,A,0.0,PF,11221,0.841,72.0
134,A,3.0,PF,11221,0.841,93.0
134,A,6.0,PF,21222,0.762,65.0
134,A,12.0,PF,11122,0.829,69.0
134,A,18.0,PF,21222,0.762,69.0
134,A,24.0,PF,11122,0.829,68.0
135,A,0.0,PF,21223,0.749,73.0
135,A,3.0,PF,22222,0.73,77.0
135,A,6.0,PF,21122,0.783,72.0
135,A,12.0,PF,11222,0.808,73.0
135,A,18.0,PF,21211,0.837,66.0
135,A,24.0,PF,11122,0.829,92.0
136,A,0.0,PF,21132,0.772,56.0
136,A,3.0,PF,11222,0.808,62.0
136,A,6.0,PF,11232,0.797,69.0
136,A,12.0,PF,11111,1.0,93.0
136,A,18.0,PF,12212,0.8180000000000001,69.0
136,A,24.0,PF,11221,0.841,89.0
137,A,0.0,PF,21221,0.795,72.0
137,A,3.0,PD,22232,0.7190000000000001,76.0
138,A,0.0,PF,22232,0.7190000000000001,65.0
138,A,3.0,PF,22222,0.73,79.0
138,A,6.0,PF,31312,0.762,70.0
138,A,12.0,PF,11222,0.808,78.0
138,A,18.0,PF,22333,0.676,76.0
138,A,24.0,PF,11111,1.0,85.0
139,A,0.0,PF,11333,0.754,82.0
139,A,3.0,PF,32344,0.417,47.0
139,A,6.0,PF,32355,0.341,53.0
139,A,12.0,PF,32332,0.677,66.0
139,A,18.0,PF,22223,0.7170000000000001,80.0
139,A,24.0,PF,22232,0.7190000000000001,62.0
140,A,0.0,PF,32233,0.6940000000000001,71.0
140,A,3.0,PF,11221,0.841,85.0
140,A,6.0,PF,32242,0.5160000000000001,56.0
140,A,12.0,PF,22232,0.7190000000000001,67.0
140,A,18.0,PF,32332,0.677,60.0
140,A,24.0,PD,21223,0.749,81.0
141,A,0.0,PF,33243,0.48499999999999993,46.0
141,A,3.0,PF,31333,0.6960000000000001,57.0
141,A,6.0,PF,22343,0.48499999999999993,44.0
141,A,12.0,PF,22223,0.7170000000000001,68.0
141,A,18.0,PF,23544,0.287,42.0
141,A,24.0,PF,22333,0.676,77.0
142,A,0.0,PF,11111,1.0,87.0
142,A,3.0,PF,11222,0.808,76.0
142,A,6.0,PF,11122,0.829,85.0
142,A,12.0,PF,21222,0.762,67.0
142,A,18.0,PF,11121,0.862,78.0
143,A,0.0,PF,21222,0.762,60.0
143,A,3.0,PF,22221,0.763,56.0
143,A,6.0,PF,22123,0.738,74.0
143,A,12.0,PF,11212,0.85,83.0
143,A,18.0,PF,21222,0.762,76.0
143,A,24.0,PF,11121,0.862,80.0
144,A,0.0,PF,21322,0.732,76.0
144,A,3.0,PF,22233,0.706,59.0
144,A,6.0,PF,43334,0.437,55.0
144,A,12.0,PD,34244,0.401,53.0
144,A,18.0,PD,11222,0.808,75.0
144,A,24.0,PD,43424,0.399,48.0
145,A,0.0,PF,11111,1.0,83.0
145,A,3.0,PF,11121,0.862,85.0
145,A,6.0,PF,11111,1.0,88.0
146,A,0.0,PF,32333,0.664,60.0
146,A,3.0,PD,33342,0.468,60.0
146,A,6.0,PD,22233,0.706,64.0
146,A,12.0,PD,32332,0.677,67.0
147,A,0.0,PF,21121,0.8160000000000001,81.0
147,A,3.0,PF,11112,0.871,75.0
147,A,6.0,PF,11212,0.85,76.0
147,A,12.0,PF,11111,1.0,85.0
147,A,18.0,PF,11222,0.808,79.0
147,A,24.0,PF,11221,0.841,89.0
148,A,0.0,PF,21232,0.751,70.0
148,A,3.0,PD,22233,0.706,47.0
148,A,6.0,PD,32332,0.677,65.0
149,A,0.0,PF,21222,0.762,77.0
149,A,3.0,PF,11122,0.829,82.0
149,A,6.0,PF,21221,0.795,85.0
149,A,12.0,PF,11111,1.0,96.0
149,A,18.0,PF,11121,0.862,64.0
149,A,24.0,PD,11121,0.862,84.0
150,A,0.0,PF,11121,0.862,80.0
150,A,3.0,PF,11222,0.808,70.0
150,A,6.0,PF,11331,0.8,75.0
150,A,12.0,PF,21121,0.8160000000000001,77.0
150,A,18.0,PF,21222,0.762,76.0
150,A,24.0,PD,11222,0.808,56.0
151,A,0.0,PF,11111,1.0,81.0
151,A,3.0,PF,11121,0.862,71.0
151,A,6.0,PF,11121,0.862,87.0
151,A,12.0,PF,11222,0.808,79.0
151,A,18.0,PF,11122,0.829,89.0
151,A,24.0,PF,11111,1.0,88.0
152,A,0.0,PF,11111,1.0,100.0
152,A,3.0,PF,11121,0.862,87.0
152,A,6.0,PD,32423,0.548,57.0
152,A,12.0,PD,11231,0.8300000000000001,64.0
152,A,18.0,PD,11222,0.808,76.0
152,A,24.0,PD,21122,0.783,79.0
153,A,0.0,PF,22232,0.7190000000000001,80.0
153,A,3.0,PF,22232,0.7190000000000001,70.0
153,A,6.0,PF,22222,0.73,58.0
153,A,12.0,PD,23353,0.426,57.0
153,A,18.0,PD,22343,0.48499999999999993,47.0
153,A,24.0,PD,34444,0.322,48.0
154,A,0.0,PF,11111,1.0,87.0
154,A,3.0,PF,21222,0.762,77.0
154,A,6.0,PF,11121,0.862,94.0
154,A,12.0,PF,11222,0.808,64.0
154,A,18.0,PF,11121,0.862,70.0
154,A,24.0,PD,21332,0.7210000000000001,66.0
155,A,0.0,PF,32333,0.664,61.0
155,A,3.0,PF,21222,0.762,80.0
155,A,6.0,PF,32232,0.7070000000000001,68.0
155,A,12.0,PF,22434,0.49299999999999994,51.0
155,A,18.0,PF,22231,0.752,80.0
155,A,24.0,PF,12332,0.7350000000000001,61.0
156,A,0.0,PF,21112,0.8250000000000001,85.0
156,A,3.0,PF,31323,0.7070000000000001,68.0
156,A,6.0,PF,21222,0.762,87.0
156,A,12.0,PF,11221,0.841,92.0
156,A,18.0,PF,21122,0.783,63.0
156,A,24.0,PD,22242,0.5280000000000001,62.0
157,A,0.0,PF,22122,0.751,76.0
157,A,3.0,PF,11121,0.862,97.0
157,A,6.0,PF,22222,0.73,63.0
157,A,12.0,PF,22231,0.752,71.0
157,A,18.0,PF,21322,0.732,65.0
157,A,24.0,PF,21222,0.762,75.0
158,A,0.0,PF,11122,0.829,84.0
158,A,3.0,PF,11111,1.0,95.0
158,A,6.0,PF,21132,0.772,87.0
158,A,12.0,PF,12222,0.776,74.0
158,A,18.0,PF,11222,0.808,77.0
158,A,24.0,PF,12221,0.809,70.0
159,A,0.0,PF,11111,1.0,69.0
159,A,3.0,PF,11112,0.871,79.0
159,A,6.0,PF,11211,0.883,70.0
159,A,12.0,PF,21121,0.8160000000000001,83.0
159,A,18.0,PF,11111,1.0,85.0
159,A,24.0,PF,11111,1.0,79.0
160,A,0.0,PF,11121,0.862,84.0
160,A,3.0,PF,11211,0.883,88.0
160,A,6.0,PD,21222,0.762,65.0
160,A,12.0,PD,11312,0.8200000000000001,73.0
161,B,0.0,PF,21222,0.762,56.0
161,B,3.0,PF,11111,1.0,77.0
161,B,6.0,PF,21111,0.858,70.0
162,B,0.0,PF,21122,0.783,74.0
162,B,3.0,PF,22323,0.687,72.0
162,B,6.0,PF,21212,0.804,75.0
163,B,0.0,PF,11221,0.841,73.0
163,B,3.0,PF,11122,0.829,85.0
163,B,6.0,PF,31232,0.739,81.0
163,B,12.0,PF,21122,0.783,74.0
163,B,18.0,PF,11232,0.797,92.0
163,B,24.0,PF,21232,0.751,69.0
164,B,0.0,PF,11112,0.871,76.0
164,B,3.0,PD,21222,0.762,64.0
164,B,6.0,PD,23233,0.6880000000000001,81.0
165,B,0.0,PF,21222,0.762,59.0
165,B,3.0,PF,21111,0.858,88.0
165,B,6.0,PF,21232,0.751,72.0
165,B,12.0,PF,22222,0.73,75.0
165,B,18.0,PF,32233,0.6940000000000001,69.0
165,B,24.0,PD,22123,0.738,69.0
166,B,0.0,PF,31122,0.771,59.0
166,B,3.0,PD,11222,0.808,78.0
166,B,6.0,PD,21111,0.858,84.0
166,B,12.0,PD,32232,0.7070000000000001,69.0
167,B,0.0,PF,11121,0.862,73.0
167,B,3.0,PD,22333,0.676,75.0
167,B,6.0,PD,22243,0.515,37.0
167,B,12.0,PD,22222,0.73,80.0
167,B,18.0,PD,22233,0.706,61.0
167,B,24.0,PD,32232,0.7070000000000001,60.0
168,B,0.0,PF,21231,0.784,71.0
168,B,3.0,PD,21432,0.5940000000000001,63.0
168,B,6.0,PD,32232,0.7070000000000001,81.0
169,B,0.0,PF,21222,0.762,70.0
169,B,3.0,PF,11121,0.862,82.0
169,B,6.0,PF,32322,0.6880000000000001,77.0
169,B,12.0,PD,32343,0.47300000000000003,59.0
169,B,18.0,PD,22243,0.515,61.0
169,B,24.0,PD,23233,0.6880000000000001,69.0
170,B,0.0,PF,32322,0.6880000000000001,62.0
170,B,3.0,PD,21222,0.762,89.0
170,B,6.0,PD,32343,0.47300000000000003,70.0
170,B,12.0,PD,22323,0.687,51.0
170,B,18.0,PD,21222,0.762,60.0
170,B,24.0,PD,32334,0.5300000000000001,62.0
171,B,0.0,PF,11212,0.85,80.0
171,B,3.0,PF,11111,1.0,73.0
171,B,6.0,PF,21221,0.795,80.0
171,B,12.0,PF,11222,0.808,89.0
171,B,18.0,PF,11111,1.0,87.0
171,B,24.0,PF,11121,0.862,82.0
172,B,0.0,PF,33433,0.519,61.0
173,B,0.0,PF,11232,0.797,89.0
173,B,3.0,PD,21232,0.751,65.0
173,B,6.0,PD,22343,0.48499999999999993,52.0
173,B,12.0,PD,22322,0.7,87.0
174,B,0.0,PF,21223,0.749,73.0
174,B,3.0,PF,32324,0.541,59.0
174,B,6.0,PF,22344,0.429,49.0
174,B,12.0,PF,43354,0.283,39.0
174,B,18.0,PD,45555,0.052000000000000005,34.0
174,B,24.0,PD,32333,0.664,75.0
175,B,0.0,PF,11111,1.0,88.0
175,B,3.0,PD,11222,0.808,76.0
175,B,6.0,PD,22233,0.706,63.0
175,B,12.0,PD,21121,0.8160000000000001,90.0
175,B,18.0,PD,11211,0.883,86.0
176,B,0.0,PF,11112,0.871,93.0
176,B,3.0,PD,21121,0.8160000000000001,72.0
176,B,6.0,PD,21122,0.783,69.0
176,B,12.0,PD,21334,0.5740000000000001,55.0
176,B,18.0,PD,42333,0.511,60.0
176,B,24.0,PD,22232,0.7190000000000001,68.0
177,B,0.0,PF,11132,0.8180000000000001,52.0
177,B,3.0,PF,31232,0.739,72.0
177,B,6.0,PD,22242,0.5280000000000001,68.0
177,B,12.0,PD,22322,0.7,61.0
177,B,18.0,PD,32333,0.664,73.0
177,B,24.0,PD,32433,0.537,67.0
178,B,0.0,PF,11222,0.808,69.0
178,B,3.0,PD,22122,0.751,76.0
179,B,0.0,PF,32324,0.541,68.0
179,B,3.0,PD,32453,0.383,38.0
179,B,6.0,PD,43444,0.27499999999999997,30.0
179,B,12.0,PD,43334,0.437,67.0
180,B,0.0,PF,21322,0.732,51.0
180,B,3.0,PF,21222,0.762,76.0
180,B,6.0,PD,22233,0.706,75.0
180,B,12.0,PD,22332,0.6890000000000001,70.0
180,B,18.0,PD,42343,0.398,36.0
180,B,24.0,PD,22343,0.48499999999999993,63.0
181,B,0.0,PF,21243,0.547,65.0
181,B,3.0,PF,21223,0.749,80.0
181,B,6.0,PF,21222,0.762,87.0
181,B,12.0,PF,42453,0.308,39.0
181,B,18.0,PF,22234,0.5720000000000001,56.0
181,B,24.0,PF,22322,0.7,74.0
182,B,0.0,PF,22221,0.763,68.0
182,B,3.0,PF,32343,0.47300000000000003,51.0
182,B,6.0,PF,21212,0.804,71.0
183,B,0.0,PF,21121,0.8160000000000001,66.0
183,B,3.0,PF,11111,1.0,87.0
183,B,6.0,PF,11221,0.841,74.0
183,B,12.0,PD,32243,0.503,54.0
183,B,18.0,PD,21222,0.762,64.0
183,B,24.0,PD,21223,0.749,69.0
184,B,0.0,PF,32233,0.6940000000000001,64.0
184,B,3.0,PF,21222,0.762,67.0
184,B,6.0,PF,32343,0.47300000000000003,65.0
184,B,12.0,PF,21222,0.762,70.0
184,B,18.0,PF,22212,0.772,68.0
184,B,24.0,PF,22222,0.73,63.0
185,B,0.0,PF,22242,0.5280000000000001,74.0
185,B,3.0,PF,32344,0.417,44.0
185,B,6.0,PF,21332,0.7210000000000001,58.0
185,B,12.0,PF,42332,0.5240000000000001,61.0
185,B,18.0,PF,22342,0.49800000000000005,52.0
185,B,24.0,PD,43454,0.23400000000000004,36.0
186,B,0.0,PF,32221,0.751,75.0
186,B,3.0,PF,21121,0.8160000000000001,79.0
186,B,6.0,PF,21222,0.762,82.0
186,B,12.0,PF,21232,0.751,61.0
186,B,18.0,PF,11111,1.0,87.0
187,B,0.0,PF,11211,0.883,88.0
187,B,3.0,PF,11111,1.0,82.0
187,B,6.0,PF,11212,0.85,62.0
187,B,12.0,PD,11121,0.862,83.0
187,B,18.0,PD,21222,0.762,66.0
187,B,24.0,PD,21232,0.751,68.0
188,B,0.0,PF,21112,0.8250000000000001,70.0
188,B,3.0,PF,21243,0.547,63.0
188,B,6.0,PF,32333,0.664,61.0
188,B,12.0,PF,22222,0.73,75.0
188,B,18.0,PD,12233,0.752,67.0
188,B,24.0,PD,33323,0.657,63.0
189,B,0.0,PF,11121,0.862,79.0
189,B,3.0,PF,21332,0.7210000000000001,58.0
189,B,6.0,PF,11122,0.829,78.0
189,B,12.0,PF,21121,0.8160000000000001,69.0
189,B,18.0,PF,11112,0.871,75.0
189,B,24.0,PF,21221,0.795,57.0
190,B,0.0,PF,21112,0.8250000000000001,72.0
190,B,3.0,PF,11111,1.0,73.0
190,B,6.0,PF,21122,0.783,75.0
190,B,12.0,PF,31222,0.75,63.0
190,B,18.0,PF,22122,0.751,71.0
190,B,24.0,PF,21212,0.804,69.0
191,B,0.0,PF,32424,0.49200000000000005,48.0
191,B,3.0,PF,23233,0.6880000000000001,59.0
191,B,6.0,PF,32243,0.503,66.0
191,B,12.0,PF,22232,0.7190000000000001,73.0
191,B,18.0,PF,33343,0.455,37.0
191,B,24.0,PF,21232,0.751,67.0
192,B,0.0,PF,21222,0.762,72.0
193,B,0.0,PF,31222,0.75,68.0
193,B,3.0,PF,22222,0.73,80.0
193,B,6.0,PF,32243,0.503,59.0
193,B,12.0,PF,32332,0.677,73.0
193,B,18.0,PF,22242,0.5280000000000001,63.0
193,B,24.0,PF,22332,0.6890000000000001,65.0
194,B,0.0,PF,32232,0.7070000000000001,67.0
194,B,3.0,PF,21232,0.751,66.0
194,B,6.0,PF,21142,0.5810000000000001,51.0
194,B,12.0,PD,21344,0.461,45.0
195,B,0.0,PF,11122,0.829,62.0
195,B,3.0,PD,22232,0.7190000000000001,69.0
196,B,0.0,PF,11121,0.862,67.0
196,B,3.0,PF,11111,1.0,90.0
196,B,6.0,PF,11111,1.0,81.0
196,B,12.0,PF,21212,0.804,56.0
196,B,18.0,PF,11111,1.0,86.0
197,B,0.0,PF,11221,0.841,66.0
198,B,0.0,PF,22233,0.706,70.0
198,B,3.0,PF,22223,0.7170000000000001,66.0
198,B,6.0,PD,43455,0.199,31.0
199,B,0.0,PF,22222,0.73,71.0
199,B,3.0,PD,43443,0.331,39.0
199,B,6.0,PD,32342,0.48600000000000004,50.0
199,B,12.0,PD,32344,0.417,47.0
199,B,18.0,PD,33444,0.35,42.0
199,B,24.0,PD,42443,0.349,47.0
200,B,0.0,PF,22333,0.676,63.0
200,B,3.0,PF,21332,0.7210000000000001,63.0
200,B,6.0,PF,22232,0.7190000000000001,89.0
200,B,12.0,PD,22233,0.706,71.0
200,B,18.0,PD,21343,0.517,50.0
200,B,24.0,PD,22344,0.429,56.0
201,B,0.0,PF,22222,0.73,58.0
201,B,3.0,PF,21222,0.762,69.0
201,B,6.0,PD,21223,0.749,84.0
201,B,12.0,PD,22232,0.7190000000000001,68.0
201,B,18.0,PD,32233,0.6940000000000001,61.0
201,B,24.0,PD,32322,0.6880000000000001,74.0
202,B,0.0,PF,21121,0.8160000000000001,80.0
202,B,3.0,PF,21121,0.8160000000000001,78.0
202,B,6.0,PF,11222,0.808,71.0
202,B,12.0,PF,21122,0.783,74.0
202,B,18.0,PF,11221,0.841,78.0
202,B,24.0,PF,11111,1.0,89.0
203,B,0.0,PF,32243,0.503,62.0
203,B,3.0,PD,43444,0.27499999999999997,57.0
203,B,6.0,PD,44555,0.09600000000000004,48.0
203,B,12.0,PD,32444,0.368,54.0
204,B,0.0,PF,21222,0.762,73.0
204,B,3.0,PF,22231,0.752,81.0
204,B,6.0,PF,21122,0.783,71.0
204,B,12.0,PF,22222,0.73,64.0
204,B,18.0,PD,32333,0.664,59.0
204,B,24.0,PD,32334,0.5300000000000001,60.0
205,B,0.0,PF,21123,0.77,75.0
205,B,3.0,PF,11111,1.0,96.0
205,B,6.0,PF,11222,0.808,59.0
205,B,12.0,PF,21122,0.783,66.0
205,B,18.0,PD,31333,0.6960000000000001,55.0
205,B,24.0,PD,21221,0.795,72.0
206,B,0.0,PF,21111,0.858,94.0
206,B,3.0,PF,21122,0.783,79.0
206,B,6.0,PF,11111,1.0,99.0
206,B,12.0,PD,11232,0.797,75.0
206,B,18.0,PD,11212,0.85,83.0
207,B,0.0,PF,11221,0.841,71.0
207,B,3.0,PF,11222,0.808,64.0
207,B,6.0,PF,22232,0.7190000000000001,79.0
207,B,12.0,PF,22222,0.73,79.0
207,B,18.0,PD,31232,0.739,64.0
207,B,24.0,PD,31233,0.726,84.0
208,B,0.0,PF,21111,0.858,66.0
208,B,3.0,PF,11121,0.862,66.0
208,B,6.0,PD,21122,0.783,76.0
208,B,12.0,PD,11122,0.829,67.0
209,B,0.0,PF,22222,0.73,71.0
209,B,3.0,PF,32132,0.728,70.0
209,B,6.0,PF,21232,0.751,73.0
209,B,12.0,PF,11122,0.829,80.0
209,B,18.0,PD,32343,0.47300000000000003,46.0
209,B,24.0,PD,21223,0.749,84.0
210,B,0.0,PF,21222,0.762,86.0
210,B,3.0,PF,21222,0.762,69.0
210,B,6.0,PD,43445,0.23999999999999994,43.0
210,B,12.0,PD,43333,0.49299999999999994,73.0
210,B,18.0,PD,33444,0.35,46.0
210,B,24.0,PD,33333,0.646,75.0
211,B,0.0,PF,12232,0.765,67.0
211,B,3.0,PD,23332,0.671,72.0
212,B,0.0,PF,32112,0.781,59.0
212,B,3.0,PF,11112,0.871,81.0
212,B,6.0,PF,22331,0.722,74.0
212,B,12.0,PF,21222,0.762,76.0
212,B,18.0,PF,22323,0.687,63.0
212,B,24.0,PF,11221,0.841,79.0
213,B,0.0,PF,11121,0.862,87.0
213,B,3.0,PF,11111,1.0,90.0
213,B,6.0,PF,11111,1.0,87.0
213,B,12.0,PF,11111,1.0,93.0
213,B,18.0,PD,11121,0.862,89.0
213,B,24.0,PD,21122,0.783,71.0
214,B,0.0,PF,21221,0.795,64.0
214,B,3.0,PF,11222,0.808,80.0
214,B,6.0,PF,32332,0.677,63.0
214,B,12.0,PD,22322,0.7,70.0
214,B,18.0,PD,32343,0.47300000000000003,49.0
214,B,24.0,PD,32343,0.47300000000000003,70.0
215,B,0.0,PF,11112,0.871,69.0
215,B,3.0,PF,11121,0.862,74.0
215,B,6.0,PF,11111,1.0,88.0
215,B,12.0,PF,11121,0.862,73.0
216,B,0.0,PF,12122,0.797,84.0
216,B,3.0,PD,22333,0.676,71.0
216,B,6.0,PD,33344,0.399,54.0
216,B,12.0,PD,32333,0.664,57.0
217,B,0.0,PF,12222,0.776,78.0
217,B,3.0,PF,21122,0.783,74.0
217,B,6.0,PD,11342,0.5760000000000001,64.0
217,B,12.0,PD,32222,0.718,80.0
217,B,18.0,PD,32222,0.718,58.0
217,B,24.0,PD,22332,0.6890000000000001,83.0
218,B,0.0,PF,11122,0.829,83.0
218,B,3.0,PF,11111,1.0,80.0
218,B,6.0,PF,21221,0.795,68.0
218,B,12.0,PF,12221,0.809,69.0
218,B,18.0,PF,11111,1.0,75.0
218,B,24.0,PF,11131,0.851,96.0
219,B,0.0,PF,32332,0.677,63.0
219,B,3.0,PF,32433,0.537,48.0
219,B,6.0,PF,31222,0.75,73.0
219,B,12.0,PF,22332,0.6890000000000001,64.0
219,B,18.0,PF,32243,0.503,55.0
219,B,24.0,PF,21232,0.751,61.0
220,B,0.0,PF,22122,0.751,70.0
220,B,3.0,PF,21221,0.795,75.0
220,B,6.0,PF,11232,0.797,79.0
220,B,12.0,PF,11212,0.85,77.0
220,B,18.0,PF,11222,0.808,73.0
220,B,24.0,PF,21232,0.751,69.0
221,B,0.0,PF,11111,1.0,87.0
221,B,3.0,PF,11121,0.862,89.0
221,B,6.0,PF,11111,1.0,92.0
221,B,12.0,PF,11111,1.0,86.0
221,B,18.0,PF,11112,0.871,80.0
221,B,24.0,PD,11111,1.0,82.0
222,B,0.0,PF,22343,0.48499999999999993,48.0
222,B,3.0,PD,33355,0.323,47.0
222,B,6.0,PD,33444,0.35,34.0
222,B,12.0,PD,53454,0.11600000000000006,20.0
223,B,0.0,PF,21112,0.8250000000000001,75.0
223,B,3.0,PF,22242,0.5280000000000001,70.0
223,B,6.0,PF,22222,0.73,55.0
223,B,12.0,PD,23332,0.671,65.0
223,B,18.0,PD,32443,0.424,42.0
223,B,24.0,PD,32234,0.56,66.0
224,B,0.0,PF,21122,0.783,55.0
224,B,3.0,PF,22222,0.73,68.0
224,B,6.0,PF,11121,0.862,78.0
224,B,12.0,PD,21332,0.7210000000000001,85.0
224,B,18.0,PD,21222,0.762,70.0
224,B,24.0,PD,11223,0.795,78.0
225,B,0.0,PF,11111,1.0,100.0
225,B,3.0,PF,21111,0.858,74.0
225,B,6.0,PD,21222,0.762,73.0
225,B,12.0,PD,11222,0.808,81.0
225,B,18.0,PD,11123,0.8160000000000001,75.0
226,B,0.0,PF,11111,1.0,82.0
226,B,3.0,PF,11111,1.0,88.0
226,B,6.0,PF,11111,1.0,79.0
226,B,12.0,PF,11111,1.0,86.0
227,B,0.0,PF,11111,1.0,88.0
227,B,3.0,PD,31233,0.726,80.0
227,B,6.0,PD,21121,0.8160000000000001,69.0
227,B,12.0,PD,21212,0.804,75.0
227,B,18.0,PD,21121,0.8160000000000001,70.0
227,B,24.0,PD,21222,0.762,66.0
228,B,0.0,PF,12223,0.763,80.0
228,B,3.0,PF,21222,0.762,79.0
228,B,6.0,PF,11122,0.829,74.0
228,B,12.0,PF,33343,0.455,53.0
228,B,18.0,PF,11121,0.862,84.0
228,B,24.0,PF,11231,0.8300000000000001,73.0
229,B,0.0,PF,22433,0.549,56.0
229,B,3.0,PF,12222,0.776,64.0
229,B,6.0,PD,33443,0.40599999999999997,60.0
229,B,12.0,PD,32232,0.7070000000000001,69.0
229,B,18.0,PD,22323,0.687,62.0
230,B,0.0,PF,21222,0.762,74.0
230,B,3.0,PF,11111,1.0,79.0
230,B,6.0,PF,11111,1.0,84.0
230,B,12.0,PF,11222,0.808,81.0
230,B,18.0,PF,21122,0.783,82.0
230,B,24.0,PF,11122,0.829,80.0
231,B,0.0,PF,21122,0.783,71.0
231,B,3.0,PF,11222,0.808,92.0
231,B,6.0,PF,32232,0.7070000000000001,61.0
231,B,12.0,PD,32222,0.718,68.0
231,B,18.0,PD,21232,0.751,82.0
231,B,24.0,PD,22222,0.73,68.0
232,B,0.0,PF,32244,0.447,45.0
232,B,3.0,PF,32233,0.6940000000000001,74.0
232,B,6.0,PF,22223,0.7170000000000001,67.0
232,B,12.0,PD,33433,0.519,63.0
233,B,0.0,PF,22223,0.7170000000000001,73.0
233,B,3.0,PF,11111,1.0,81.0
233,B,6.0,PF,22222,0.73,75.0
233,B,12.0,PD,11232,0.797,70.0
234,B,0.0,PF,21111,0.858,77.0
234,B,3.0,PF,11221,0.841,73.0
234,B,6.0,PF,11121,0.862,81.0
234,B,12.0,PF,11221,0.841,76.0
235,B,0.0,PF,21121,0.8160000000000001,63.0
235,B,3.0,PD,42354,0.301,36.0
235,B,6.0,PD,22333,0.676,57.0
235,B,12.0,PD,32232,0.7070000000000001,64.0
236,B,0.0,PF,21121,0.8160000000000001,60.0
236,B,3.0,PF,11121,0.862,82.0
236,B,6.0,PF,22222,0.73,70.0
236,B,12.0,PD,32342,0.48600000000000004,51.0
236,B,18.0,PD,22434,0.49299999999999994,51.0
236,B,24.0,PD,34544,0.24700000000000005,28.0
237,B,0.0,PF,11232,0.797,81.0
238,B,0.0,PF,21122,0.783,76.0
238,B,3.0,PF,11121,0.862,66.0
238,B,6.0,PF,21221,0.795,83.0
238,B,12.0,PF,11221,0.841,82.0
238,B,18.0,PF,11111,1.0,93.0
238,B,24.0,PD,21222,0.762,72.0
239,B,0.0,PF,21222,0.762,54.0
239,B,3.0,PD,42334,0.455,50.0
239,B,6.0,PD,22233,0.706,61.0
240,B,0.0,PF,21121,0.8160000000000001,64.0
240,B,3.0,PF,11122,0.829,64.0
240,B,6.0,PF,11121,0.862,87.0
240,B,12.0,PD,22232,0.7190000000000001,62.0
240,B,18.0,PD,22222,0.73,63.0
240,B,24.0,PD,22122,0.751,73.0
241,B,0.0,PF,21222,0.762,73.0
241,B,3.0,PF,22233,0.706,62.0
241,B,6.0,PF,22222,0.73,63.0
242,B,0.0,PF,11111,1.0,79.0
242,B,3.0,PF,11111,1.0,81.0
242,B,6.0,PF,11111,1.0,74.0
243,B,0.0,PF,11212,0.85,83.0
243,B,3.0,PF,12222,0.776,67.0
243,B,6.0,PF,11122,0.829,80.0
243,B,12.0,PF,11221,0.841,66.0
243,B,18.0,PD,32343,0.47300000000000003,45.0
244,B,0.0,PF,11311,0.853,74.0
244,B,3.0,PF,11122,0.829,84.0
244,B,6.0,PF,21111,0.858,68.0
244,B,12.0,PF,21222,0.762,71.0
244,B,18.0,PD,11222,0.808,76.0
244,B,24.0,PD,22232,0.7190000000000001,66.0
245,B,0.0,PF,22132,0.74,80.0
245,B,3.0,PF,21222,0.762,58.0
245,B,6.0,PF,11122,0.829,86.0
245,B,12.0,PF,31332,0.7090000000000001,67.0
246,B,0.0,PF,42433,0.462,47.0
246,B,3.0,PF,43344,0.324,31.0
246,B,6.0,PF,33444,0.35,44.0
246,B,12.0,PF,42343,0.398,54.0
246,B,18.0,PF,43455,0.199,33.0
246,B,24.0,PF,32443,0.424,54.0
247,B,0.0,PF,21222,0.762,72.0
247,B,3.0,PF,22333,0.676,61.0
247,B,6.0,PF,31122,0.771,80.0
247,B,12.0,PF,32222,0.718,85.0
247,B,18.0,PF,21123,0.77,86.0
247,B,24.0,PF,22322,0.7,65.0
248,B,0.0,PF,31232,0.739,71.0
248,B,3.0,PD,42444,0.293,51.0
248,B,6.0,PD,21233,0.738,74.0
248,B,12.0,PD,22223,0.7170000000000001,73.0
248,B,18.0,PD,22243,0.515,53.0
248,B,24.0,PD,32233,0.6940000000000001,77.0
249,B,0.0,PF,22231,0.752,66.0
249,B,3.0,PD,22342,0.49800000000000005,60.0
249,B,6.0,PD,32343,0.47300000000000003,57.0
249,B,12.0,PD,32224,0.5710000000000001,79.0
249,B,18.0,PD,33444,0.35,55.0
249,B,24.0,PD,33354,0.35800000000000004,38.0
250,B,0.0,PF,22122,0.751,71.0
250,B,3.0,PF,22232,0.7190000000000001,65.0
250,B,6.0,PF,33222,0.7,58.0
250,B,12.0,PD,22333,0.676,60.0
251,B,0.0,PF,23344,0.41100000000000003,51.0
251,B,3.0,PF,22233,0.706,62.0
251,B,6.0,PD,34454,0.28099999999999997,34.0
251,B,12.0,PD,43444,0.27499999999999997,43.0
251,B,18.0,PD,44553,0.187,44.0
251,B,24.0,PD,42344,0.342,23.0
252,B,0.0,PF,11111,1.0,92.0
252,B,3.0,PF,11111,1.0,85.0
252,B,6.0,PF,11111,1.0,78.0
252,B,12.0,PF,11111,1.0,83.0
252,B,18.0,PF,11111,1.0,98.0
252,B,24.0,PF,11111,1.0,82.0
253,B,0.0,PF,11111,1.0,86.0
253,B,3.0,PF,11111,1.0,100.0
253,B,6.0,PF,11111,1.0,81.0
253,B,12.0,PF,11122,0.829,81.0
253,B,18.0,PF,21222,0.762,81.0
253,B,24.0,PD,21122,0.783,73.0
254,B,0.0,PF,33445,0.315,43.0
254,B,3.0,PF,22333,0.676,76.0
254,B,6.0,PF,42433,0.462,42.0
254,B,12.0,PF,42333,0.511,66.0
254,B,18.0,PD,44445,0.21200000000000002,44.0
254,B,24.0,PD,43444,0.27499999999999997,51.0
255,B,0.0,PF,22132,0.74,95.0
255,B,3.0,PD,33344,0.399,46.0
255,B,6.0,PD,43443,0.331,62.0
255,B,12.0,PD,23244,0.441,56.0
255,B,18.0,PD,32433,0.537,54.0
255,B,24.0,PD,31322,0.72,60.0
256,B,0.0,PF,11121,0.862,75.0
256,B,3.0,PF,11111,1.0,76.0
256,B,6.0,PF,11111,1.0,96.0
256,B,12.0,PD,11222,0.808,73.0
256,B,18.0,PD,11121,0.862,77.0
256,B,24.0,PD,21222,0.762,79.0
257,B,0.0,PF,11112,0.871,82.0
257,B,3.0,PF,11122,0.829,77.0
257,B,6.0,PF,11121,0.862,82.0
257,B,12.0,PF,11111,1.0,87.0
257,B,18.0,PD,22212,0.772,72.0
257,B,24.0,PD,21222,0.762,60.0
258,B,0.0,PF,21222,0.762,78.0
258,B,3.0,PF,11111,1.0,90.0
258,B,6.0,PD,22222,0.73,77.0
258,B,12.0,PD,21222,0.762,71.0
258,B,18.0,PD,32333,0.664,61.0
258,B,24.0,PD,21233,0.738,72.0
259,B,0.0,PF,33343,0.455,62.0
259,B,3.0,PF,22222,0.73,60.0
259,B,6.0,PF,21322,0.732,76.0
259,B,12.0,PF,12121,0.8300000000000001,69.0
259,B,18.0,PD,21332,0.7210000000000001,74.0
260,B,0.0,PF,11123,0.8160000000000001,78.0
260,B,3.0,PF,21231,0.784,85.0
260,B,6.0,PF,11223,0.795,72.0
260,B,12.0,PF,11122,0.829,80.0
260,B,18.0,PD,21222,0.762,73.0
260,B,24.0,PD,32333,0.664,65.0
261,B,0.0,PF,32333,0.664,71.0
262,B,0.0,PF,11222,0.808,64.0
262,B,3.0,PF,11122,0.829,69.0
262,B,6.0,PD,22133,0.7270000000000001,70.0
262,B,12.0,PD,22343,0.48499999999999993,54.0
262,B,18.0,PD,33223,0.687,69.0
262,B,24.0,PD,32232,0.7070000000000001,67.0
263,B,0.0,PF,32223,0.7050000000000001,82.0
263,B,3.0,PF,42444,0.293,37.0
263,B,6.0,PF,33243,0.48499999999999993,42.0
263,B,12.0,PF,22442,0.449,49.0
263,B,18.0,PF,33233,0.676,64.0
263,B,24.0,PD,43544,0.2,50.0
264,B,0.0,PF,11122,0.829,71.0
264,B,3.0,PF,21132,0.772,64.0
264,B,6.0,PF,21122,0.783,65.0
264,B,12.0,PD,32233,0.6940000000000001,71.0
264,B,18.0,PD,11222,0.808,83.0
264,B,24.0,PD,21322,0.732,75.0
265,B,0.0,PF,21224,0.6150000000000001,74.0
265,B,3.0,PF,11121,0.862,92.0
265,B,6.0,PF,11222,0.808,75.0
265,B,12.0,PF,11122,0.829,79.0
265,B,18.0,PF,21232,0.751,77.0
265,B,24.0,PF,22232,0.7190000000000001,57.0
266,B,0.0,PF,11111,1.0,92.0
266,B,3.0,PF,11111,1.0,93.0
266,B,6.0,PF,11111,1.0,75.0
266,B,12.0,PF,11121,0.862,70.0
266,B,18.0,PF,11111,1.0,88.0
266,B,24.0,PF,21221,0.795,73.0
267,B,0.0,PF,11221,0.841,74.0
267,B,3.0,PF,11111,1.0,92.0
267,B,6.0,PF,11111,1.0,93.0
267,B,12.0,PF,11111,1.0,100.0
267,B,18.0,PD,11221,0.841,79.0
267,B,24.0,PD,11121,0.862,70.0
268,B,0.0,PF,21222,0.762,74.0
268,B,3.0,PF,22221,0.763,71.0
268,B,6.0,PF,11212,0.85,77.0
269,B,0.0,PF,33234,0.5420000000000001,57.0
269,B,3.0,PF,22343,0.48499999999999993,67.0
269,B,6.0,PF,22232,0.7190000000000001,70.0
269,B,12.0,PF,32434,0.48100000000000004,65.0
269,B,18.0,PF,32443,0.424,54.0
269,B,24.0,PD,43455,0.199,42.0
270,B,0.0,PF,12232,0.765,74.0
270,B,3.0,PF,22111,0.8260000000000001,74.0
270,B,6.0,PF,32343,0.47300000000000003,57.0
270,B,12.0,PF,21221,0.795,63.0
270,B,18.0,PD,22223,0.7170000000000001,72.0
270,B,24.0,PD,31323,0.7070000000000001,59.0
271,B,0.0,PF,33443,0.40599999999999997,51.0
271,B,3.0,PF,32233,0.6940000000000001,64.0
271,B,6.0,PF,21332,0.7210000000000001,70.0
271,B,12.0,PF,23333,0.658,64.0
271,B,18.0,PF,33344,0.399,43.0
271,B,24.0,PF,32553,0.308,47.0
272,B,0.0,PF,21223,0.749,86.0
272,B,3.0,PD,12232,0.765,74.0
272,B,6.0,PD,21222,0.762,73.0
273,B,0.0,PF,11221,0.841,85.0
274,B,0.0,PF,11122,0.829,91.0
274,B,3.0,PF,11211,0.883,85.0
274,B,6.0,PF,11111,1.0,86.0
274,B,12.0,PF,11111,1.0,90.0
274,B,18.0,PF,11222,0.808,77.0
274,B,24.0,PF,11111,1.0,92.0
275,B,0.0,PF,22223,0.7170000000000001,73.0
275,B,3.0,PF,22333,0.676,66.0
275,B,6.0,PF,21243,0.547,60.0
275,B,12.0,PF,21131,0.805,76.0
275,B,18.0,PF,22232,0.7190000000000001,77.0
275,B,24.0,PD,32233,0.6940000000000001,86.0
276,B,0.0,PF,21223,0.749,71.0
276,B,3.0,PF,22221,0.763,78.0
276,B,6.0,PF,22232,0.7190000000000001,71.0
276,B,12.0,PF,22232,0.7190000000000001,62.0
276,B,18.0,PF,32443,0.424,46.0
276,B,24.0,PF,22332,0.6890000000000001,66.0
277,B,0.0,PF,31222,0.75,64.0
277,B,3.0,PF,22232,0.7190000000000001,82.0
277,B,6.0,PF,22123,0.738,75.0
278,B,0.0,PF,31222,0.75,66.0
278,B,3.0,PF,21222,0.762,80.0
278,B,6.0,PF,22232,0.7190000000000001,71.0
278,B,12.0,PD,32242,0.5160000000000001,38.0
278,B,18.0,PD,22322,0.7,59.0
278,B,24.0,PD,22223,0.7170000000000001,67.0
279,B,0.0,PF,11211,0.883,79.0
279,B,3.0,PD,22333,0.676,76.0
280,B,0.0,PF,22232,0.7190000000000001,65.0
280,B,3.0,PF,22342,0.49800000000000005,52.0
280,B,6.0,PF,21232,0.751,94.0
280,B,12.0,PD,33334,0.5120000000000001,61.0
280,B,18.0,PD,33242,0.49800000000000005,65.0
280,B,24.0,PD,22233,0.706,56.0
281,B,0.0,PF,11111,1.0,75.0
281,B,3.0,PF,11111,1.0,86.0
281,B,6.0,PF,11111,1.0,90.0
281,B,12.0,PF,11111,1.0,83.0
281,B,18.0,PF,11122,0.829,71.0
282,B,0.0,PF,11111,1.0,98.0
282,B,3.0,PF,11112,0.871,74.0
282,B,6.0,PF,11111,1.0,81.0
282,B,12.0,PF,11121,0.862,83.0
282,B,18.0,PF,11111,1.0,93.0
282,B,24.0,PF,11111,1.0,81.0
283,B,0.0,PF,11111,1.0,78.0
283,B,3.0,PF,11112,0.871,73.0
283,B,6.0,PF,11111,1.0,88.0
283,B,12.0,PF,11211,0.883,89.0
283,B,18.0,PD,21222,0.762,78.0
283,B,24.0,PD,11211,0.883,71.0
284,B,0.0,PF,11111,1.0,98.0
284,B,3.0,PF,11111,1.0,93.0
284,B,6.0,PF,11121,0.862,77.0
284,B,12.0,PF,11111,1.0,69.0
284,B,18.0,PF,11111,1.0,100.0
284,B,24.0,PF,11111,1.0,92.0
285,B,0.0,PF,21222,0.762,68.0
285,B,3.0,PF,32232,0.7070000000000001,67.0
285,B,6.0,PF,21221,0.795,83.0
285,B,12.0,PD,33333,0.646,58.0
285,B,18.0,PD,22343,0.48499999999999993,49.0
285,B,24.0,PD,22332,0.6890000000000001,85.0
286,B,0.0,PF,11111,1.0,82.0
286,B,3.0,PF,11111,1.0,86.0
286,B,6.0,PF,11122,0.829,70.0
286,B,12.0,PD,21123,0.77,75.0
286,B,18.0,PD,23242,0.5100000000000001,67.0
286,B,24.0,PD,21222,0.762,70.0
287,B,0.0,PF,21122,0.783,75.0
287,B,3.0,PF,11111,1.0,73.0
287,B,6.0,PF,11222,0.808,83.0
287,B,12.0,PF,22223,0.7170000000000001,64.0
287,B,18.0,PD,32333,0.664,61.0
288,B,0.0,PF,21131,0.805,74.0
288,B,3.0,PF,21232,0.751,76.0
288,B,6.0,PD,22344,0.429,55.0
288,B,12.0,PD,21223,0.749,69.0
288,B,18.0,PD,22232,0.7190000000000001,73.0
289,B,0.0,PF,33334,0.5120000000000001,36.0
289,B,3.0,PD,55554,-0.030999999999999958,18.0
290,B,0.0,PF,32233,0.6940000000000001,55.0
290,B,3.0,PD,22344,0.429,53.0
290,B,6.0,PD,23344,0.41100000000000003,46.0
290,B,12.0,PD,31233,0.726,68.0
291,B,0.0,PF,22332,0.6890000000000001,44.0
291,B,3.0,PF,22322,0.7,74.0
291,B,6.0,PF,32442,0.437,66.0
291,B,12.0,PF,32423,0.548,56.0
292,B,0.0,PF,23224,0.5650000000000001,66.0
292,B,3.0,PF,21222,0.762,71.0
292,B,6.0,PF,22232,0.7190000000000001,61.0
292,B,12.0,PF,22222,0.73,70.0
292,B,18.0,PD,32234,0.56,47.0
292,B,24.0,PD,32333,0.664,66.0
293,B,0.0,PF,21222,0.762,65.0
293,B,3.0,PF,33333,0.646,60.0
293,B,6.0,PF,22232,0.7190000000000001,63.0
293,B,12.0,PF,22233,0.706,68.0
294,B,0.0,PF,11222,0.808,72.0
294,B,3.0,PF,21121,0.8160000000000001,75.0
294,B,6.0,PF,21233,0.738,66.0
294,B,12.0,PF,22122,0.751,74.0
294,B,18.0,PD,22233,0.706,66.0
294,B,24.0,PD,32232,0.7070000000000001,68.0
295,B,0.0,PF,22442,0.449,46.0
295,B,3.0,PF,22232,0.7190000000000001,76.0
295,B,6.0,PF,32133,0.7150000000000001,62.0
295,B,12.0,PF,22232,0.7190000000000001,70.0
295,B,18.0,PD,44444,0.24700000000000005,43.0
295,B,24.0,PD,44454,0.20600000000000002,51.0
296,B,0.0,PF,11122,0.829,75.0
296,B,3.0,PF,21221,0.795,63.0
296,B,6.0,PF,21122,0.783,81.0
296,B,12.0,PD,21122,0.783,63.0
296,B,18.0,PD,22334,0.5420000000000001,46.0
297,B,0.0,PF,11121,0.862,90.0
298,B,0.0,PF,11132,0.8180000000000001,77.0
298,B,3.0,PF,11112,0.871,65.0
299,B,0.0,PF,22332,0.6890000000000001,83.0
299,B,3.0,PF,12332,0.7350000000000001,70.0
299,B,6.0,PF,11222,0.808,85.0
300,B,0.0,PF,21221,0.795,73.0
300,B,3.0,PF,22122,0.751,85.0
300,B,6.0,PF,22323,0.687,70.0
301,B,0.0,PF,11122,0.829,81.0
301,B,3.0,PF,11222,0.808,73.0
301,B,6.0,PD,22233,0.706,71.0
302,B,0.0,PF,21122,0.783,80.0
302,B,3.0,PF,11221,0.841,78.0
302,B,6.0,PF,21122,0.783,71.0
302,B,12.0,PF,22122,0.751,74.0
302,B,18.0,PD,22343,0.48499999999999993,54.0
302,B,24.0,PD,32344,0.417,38.0
303,B,0.0,PF,11221,0.841,73.0
303,B,3.0,PF,11122,0.829,74.0
303,B,6.0,PF,21232,0.751,76.0
304,B,0.0,PF,21221,0.795,92.0
304,B,3.0,PD,21221,0.795,69.0
304,B,6.0,PD,11112,0.871,71.0
304,B,12.0,PD,21122,0.783,78.0
304,B,18.0,PD,12232,0.765,68.0
305,B,0.0,PF,11221,0.841,81.0
305,B,3.0,PF,11232,0.797,64.0
305,B,6.0,PD,32343,0.47300000000000003,54.0
305,B,12.0,PD,22223,0.7170000000000001,67.0
305,B,18.0,PD,21222,0.762,82.0
305,B,24.0,PD,21222,0.762,70.0
306,B,0.0,PF,23232,0.7010000000000001,73.0
306,B,3.0,PF,22232,0.7190000000000001,70.0
306,B,6.0,PF,21222,0.762,65.0
306,B,12.0,PF,21232,0.751,63.0
306,B,18.0,PF,11121,0.862,76.0
306,B,24.0,PD,22242,0.5280000000000001,54.0
307,B,0.0,PF,21121,0.8160000000000001,76.0
307,B,3.0,PF,11111,1.0,80.0
307,B,6.0,PF,21222,0.762,65.0
307,B,12.0,PF,11122,0.829,76.0
307,B,18.0,PD,22233,0.706,54.0
307,B,24.0,PD,22222,0.73,67.0
308,B,0.0,PF,22223,0.7170000000000001,75.0
308,B,3.0,PF,21232,0.751,72.0
308,B,6.0,PF,22233,0.706,71.0
308,B,12.0,PD,34445,0.287,47.0
308,B,18.0,PD,22333,0.676,78.0
308,B,24.0,PD,32343,0.47300000000000003,60.0
309,B,0.0,PF,21121,0.8160000000000001,88.0
309,B,3.0,PF,11121,0.862,93.0
310,B,0.0,PF,11211,0.883,93.0
310,B,3.0,PF,12221,0.809,89.0
310,B,6.0,PD,23343,0.467,54.0
311,B,0.0,PF,22233,0.706,70.0
311,B,3.0,PF,21133,0.759,69.0
311,B,6.0,PF,31333,0.6960000000000001,70.0
311,B,12.0,PF,11212,0.85,77.0
311,B,18.0,PF,22233,0.706,58.0
311,B,24.0,PD,22323,0.687,69.0
312,B,0.0,PF,21222,0.762,60.0
312,B,3.0,PF,22222,0.73,52.0
312,B,6.0,PF,21122,0.783,73.0
312,B,12.0,PD,22432,0.562,50.0
312,B,18.0,PD,43353,0.339,52.0
313,B,0.0,PF,21222,0.762,66.0
313,B,3.0,PD,31332,0.7090000000000001,65.0
313,B,6.0,PD,22232,0.7190000000000001,78.0
313,B,12.0,PD,21333,0.708,56.0
314,B,0.0,PF,22222,0.73,82.0
314,B,3.0,PF,11112,0.871,78.0
314,B,6.0,PF,11222,0.808,72.0
314,B,12.0,PF,21121,0.8160000000000001,81.0
315,B,0.0,PF,21222,0.762,65.0
315,B,3.0,PF,21222,0.762,70.0
315,B,6.0,PF,21222,0.762,69.0
315,B,12.0,PF,11222,0.808,70.0
315,B,18.0,PF,12222,0.776,68.0
315,B,24.0,PF,11121,0.862,92.0
316,B,0.0,PF,11122,0.829,72.0
316,B,3.0,PF,11111,1.0,81.0
316,B,6.0,PF,11221,0.841,82.0
316,B,12.0,PF,21121,0.8160000000000001,73.0
316,B,18.0,PD,22222,0.73,69.0
316,B,24.0,PD,11221,0.841,68.0
317,B,0.0,PF,22232,0.7190000000000001,73.0
317,B,3.0,PF,22232,0.7190000000000001,72.0
317,B,6.0,PF,22233,0.706,63.0
318,B,0.0,PF,21222,0.762,75.0
318,B,3.0,PF,12122,0.797,86.0
318,B,6.0,PF,11332,0.767,72.0
318,B,12.0,PF,11121,0.862,76.0
318,B,18.0,PD,22224,0.5830000000000001,64.0
318,B,24.0,PD,43344,0.324,45.0
319,B,0.0,PF,11222,0.808,80.0
319,B,3.0,PF,21122,0.783,75.0
319,B,6.0,PD,31222,0.75,61.0
319,B,12.0,PD,21223,0.749,65.0
319,B,18.0,PD,22222,0.73,77.0
319,B,24.0,PD,21121,0.8160000000000001,81.0
320,B,0.0,PF,42435,0.371,50.0
320,B,3.0,PF,42344,0.342,45.0
320,B,6.0,PD,54555,-0.02199999999999995,22.0
