id,arm,t_prog,t_death,qaly,qaly_d,ly,base,A
1,A,17.16256549593355,17.300321185158,0.7993926209374855,0.7927925798444838,1.4416934320965,0.293,1
2,A,16.5164168009485,42.1472867139398,1.6635,1.6275861244019139,2.0,0.772,1
3,A,2.8624146390878202,4.2994708764571214,0.1783851406284043,0.1783851406284043,0.3582892397047601,0.732,1
4,A,25.735957458727277,59.478207648256905,1.5372500000000002,1.5037799043062203,2.0,0.73,1
5,A,22.194735157321535,45.05628003237495,1.5101249999999997,1.478528110047847,2.0,0.7190000000000001,1
6,A,inf,9.826829740657582,0.35615732380437054,0.35615732380437054,0.8189024783881318,0.7190000000000001,1
7,A,4.685317380982886,50.803888930975624,0.899,0.8826255980861246,2.0,0.762,1
8,A,23.6094696278555,61.343814827898015,2.0,1.9569377990430623,2.0,1.0,1
9,A,19.584747590063788,43.94566109375399,1.11575,1.091322966507177,2.0,0.7190000000000001,1
10,A,10.41428300432841,30.758573794230283,0.867125,0.8519025119617225,2.0,0.49299999999999994,1
11,A,14.125828307971911,66.14054944902857,1.548375,1.5166273923444975,2.0,0.8250000000000001,1
12,A,42.88407226053421,77.08648590669416,1.533875,1.4977242822966508,2.0,0.75,1
13,A,32.19266083906307,51.42262093719483,1.8135000000000001,1.7752500000000002,2.0,0.8160000000000001,1
14,A,1.7519477956149028,2.3357750326011555,0.0859370564077842,0.0859370564077842,0.19464791938342962,0.883,1
15,A,19.74992201047418,27.889754736035922,1.6805,1.6446937799043064,2.0,0.8160000000000001,1
16,A,53.49244793970462,123.1147404179023,1.6325,1.5962631578947368,2.0,0.841,1
17,A,inf,2.7943751990596737,0.0837148236718294,0.0837148236718294,0.23286459992163946,0.7190000000000001,1
18,A,112.51053749572124,156.57520320051447,1.392625,1.362363038277512,2.0,0.467,1
19,A,33.165275871241654,73.84480909993312,1.4708750000000002,1.4387828947368422,2.0,0.6890000000000001,1
20,A,18.056698044313205,127.14859033819226,1.45475,1.4238744019138756,2.0,0.48600000000000004,1
21,A,2.454971021755141,14.55360679558575,0.8477020157598476,0.8442106610142082,1.2128005662988126,0.871,1
22,A,3.385103223602651,18.982953884746703,0.9524010265254453,0.9397288531343975,1.581912823728892,0.751,1
23,A,inf,2.92827659490157,0.10261169234634253,0.10261169234634253,0.24402304957513085,0.841,1
24,A,12.551722028954337,22.18913287999695,1.0652939775166088,1.0495044043221138,1.8490944066664126,0.515,1
25,A,4.541069960360509,18.249282592947825,0.8274204615825109,0.8154741259162785,1.5207735494123187,0.762,1
26,A,12.338673408821863,49.836486484780636,1.6042499999999997,1.5720502392344495,2.0,1.0,1
27,A,47.122547706768806,106.89933051516718,1.5385,1.5051267942583733,2.0,0.718,1
28,A,31.941528929279773,34.500622078502325,1.54425,1.5106184210526319,2.0,0.7070000000000001,1
29,A,38.452590762217326,134.81919303227133,1.701875,1.663711124401914,2.0,0.862,1
30,A,0.13834227080002495,1.099379298039465,0.03948603978791745,0.03948603978791745,0.09161494150328875,0.862,1
31,A,29.987609165320375,37.01285666814243,1.656125,1.6211584928229665,2.0,0.762,1
32,A,22.97742838495939,62.57728192399035,1.817,1.7770382775119615,2.0,0.883,1
33,A,inf,60.666590046223625,1.11475,1.0889342105263158,2.0,0.6040000000000001,1
34,A,16.627821615882944,80.35281613554936,1.585125,1.551568779904306,2.0,0.762,1
35,A,inf,9.104989131309896,0.4813384302793661,0.4813384302793661,0.7587490942758247,0.862,1
36,A,5.060121379738312,26.757216136946116,1.830375,1.7937613636363636,2.0,0.841,1
37,A,6.292151402973607,25.515889929819124,1.7953750000000002,1.7561345693779904,2.0,1.0,1
38,A,inf,72.38597452044807,1.523125,1.487491028708134,2.0,0.8250000000000001,1
39,A,9.62903243577854,45.21689609130132,1.6832500000000001,1.6512655502392346,2.0,1.0,1
40,A,10.294522083409674,11.651832911347064,0.5525506253149972,0.5525506253149972,0.9709860759455887,0.73,1
41,A,4.7500396287752595,67.52861629609426,1.4167499999999997,1.3865203349282296,2.0,0.797,1
42,A,6.599120659320806,21.318072479315106,1.3855207897960005,1.3632567366468902,1.7765060399429256,0.85,1
43,A,4.803652629849893,13.262567458116239,0.8162713423596529,0.8146017630235912,1.10521395484302,1.0,1
44,A,35.30094029762991,54.11685744491776,1.681375,1.6428558612440192,2.0,0.749,1
45,A,0.327509009126219,3.2087291624674905,0.20337817782558856,0.20337817782558856,0.2673940968722909,0.858,1
46,A,7.165104383000744,35.785519048133125,1.609875,1.5760604066985646,2.0,0.883,1
47,A,inf,24.12414075378602,1.5402499999999997,1.507834928229665,2.0,0.795,1
48,A,90.85020184177198,112.83065553266151,1.423125,1.392443181818182,2.0,0.73,1
49,A,14.856517359852685,17.30495062119139,0.9634321822228266,0.9561791217443316,1.4420792184326159,0.829,1
50,A,12.317643046788444,22.408749067262793,1.4283385144618315,1.4044997746046235,1.8673957556052327,0.808,1
51,A,49.69373959945611,54.5429888722551,1.695125,1.6596417464114834,2.0,0.829,1
52,A,22.070568107214815,51.39071055779719,1.94825,1.9051877990430626,2.0,1.0,1
53,A,inf,19.668420877985223,1.5037997743635472,1.481050023314399,1.6390350731654353,0.804,1
54,A,5.822867176207542,41.35984398740238,1.5817500000000002,1.5493995215311007,2.0,0.8250000000000001,1
55,A,17.835949842932788,33.51155657359772,0.8975,0.8793600478468899,2.0,0.349,1
56,A,16.13756869232966,17.70241726667096,0.876801748216803,0.869005261451486,1.4752014388892467,0.762,1
57,A,7.8962582101682495,16.292653025291226,0.6796670400437614,0.6756927416686713,1.3577210854409356,0.712,1
58,A,3.0775931571455097,51.06696384954817,1.3070000000000002,1.282616028708134,2.0,0.829,1
59,A,inf,1.9299088903530588,0.07003961014572975,0.07003961014572975,0.1608257408627549,0.871,1
60,A,30.341113327836037,59.19199777254516,1.204375,1.1784730861244022,2.0,0.706,1
61,A,inf,97.17793418003541,1.209625,1.1805795454545458,2.0,0.7190000000000001,1
62,A,51.42822344862383,77.04787336413773,1.6475,1.6115322966507177,2.0,0.7190000000000001,1
63,A,inf,8.56619251696523,0.3208841850048912,0.3208841850048912,0.7138493764137692,0.38,1
64,A,inf,24.20028153088256,0.993875,0.9699647129186604,2.0,0.7010000000000001,1
65,A,38.46131981025698,69.72686778610002,1.4623750000000004,1.4308750000000003,2.0,0.751,1
66,A,4.6348788417145395,66.31833561420282,1.5597500000000002,1.5259784688995217,2.0,0.808,1
67,A,inf,18.543865775522598,1.1296134799722946,1.1133203157629614,1.5453221479602164,0.746,1
68,A,inf,3.0077246651308336,0.25032186104711807,0.25032186104711807,0.25064372209423613,1.0,1
69,A,2.4330999254083188,2.8384913596211088,0.0901221006679702,0.0901221006679702,0.2365409466350924,0.762,1
70,A,3.0395871149725435,3.2162961790072817,0.25901234079197005,0.25901234079197005,0.26802468158394016,1.0,1
71,A,26.219836765072863,31.609700493014795,1.3410000000000002,1.3131495215311006,2.0,0.783,1
72,A,55.68673994912795,93.46841517381037,1.5951250000000001,1.5602769138755983,2.0,0.795,1
73,A,79.57643617986777,127.66024322469843,1.273125,1.247040071770335,2.0,0.48499999999999993,1
74,A,17.289069751878095,22.752852651930738,1.1167200780869504,1.098285361805694,1.8960710543275614,0.49800000000000005,1
75,A,3.759262817570544,13.43403775177513,0.8477113809802632,0.8458613693591036,1.1195031459812608,0.804,1
76,A,8.446131617426433,15.077874533055134,0.6644587539183507,0.6626142381993787,1.2564895444212612,0.73,1
77,A,34.50645154660734,163.97190783535095,1.9247500000000002,1.8832165071770335,2.0,1.0,1
78,A,49.85299674047643,53.33314226080044,1.522875,1.4895663875598086,2.0,0.751,1
79,A,14.031291001718804,58.95678532896665,1.7854999999999996,1.750931818181818,2.0,0.862,1
80,A,9.267822341167646,9.806922404467095,0.5424999469064495,0.5424999469064495,0.8172435337055912,1.0,1
81,A,14.927372060216658,17.580215943743255,0.9109346711318071,0.9029548288342653,1.465017995311938,0.682,1
82,A,48.21261754184282,121.6738458333161,1.59575,1.5605035885167462,2.0,0.751,1
83,A,2.424786837739638,18.82400287301798,1.0233344142566732,1.0104390327815054,1.5686669060848317,0.851,1
84,A,6.7891158105353915,43.55562920610376,1.213125,1.1929503588516748,2.0,0.7170000000000001,1
85,A,13.839123746246806,34.02892907463719,1.166125,1.1458857655502392,2.0,0.7190000000000001,1
86,A,5.558773010367748,25.220138926115172,1.607,1.57297009569378,2.0,0.862,1
87,A,48.868234941108106,133.02590754701598,1.65675,1.620287081339713,2.0,0.841,1
88,A,18.151755697216576,30.264755324476514,1.5893749999999998,1.5559156698564593,2.0,0.804,1
89,A,inf,49.895555112170186,1.64025,1.6062846889952154,2.0,0.841,1
90,A,34.34288437432338,84.59280522800734,1.632875,1.5994587320574163,2.0,0.8250000000000001,1
91,A,23.0126367644994,99.66289460395838,1.584125,1.5494922248803829,2.0,0.762,1
92,A,26.040745793913118,66.64495026543968,1.4625000000000001,1.4310753588516747,2.0,0.762,1
93,A,inf,6.373147821635764,0.4733257215831532,0.4733257215831532,0.5310956518029804,0.841,1
94,A,118.51548198159641,142.6748012249073,1.86425,1.8255478468899522,2.0,1.0,1
95,A,14.711420218740733,71.18767474066715,1.7087500000000002,1.6742894736842109,2.0,1.0,1
96,A,34.65356433879296,48.30334032085596,1.9080000000000001,1.8688995215311006,2.0,1.0,1
97,A,78.17472333023491,170.6100416114898,1.6624999999999999,1.626952153110048,2.0,0.7190000000000001,1
98,A,12.283309965404857,41.89689189560934,1.5882499999999997,1.5563947368421052,2.0,0.862,1
99,A,inf,15.277489097205422,1.0594370457168927,1.0535563834611412,1.2731240914337851,0.797,1
100,A,inf,4.185756782151394,0.2523384310922709,0.2523384310922709,0.34881306517928284,0.8160000000000001,1
101,A,51.62422854960001,97.57902552931202,1.8735,1.8343995215311006,2.0,1.0,1
102,A,14.85236869654718,16.484626921211653,1.0387840504166508,1.0321456224082781,1.373718910100971,0.841,1
103,A,1.4305384006303536,7.978371240450938,0.26094921130713983,0.26094921130713983,0.6648642700375782,0.7210000000000001,1
104,A,5.431500995370746,24.43549076027359,0.9063750000000002,0.8908618421052632,2.0,0.5840000000000001,1
105,A,inf,7.804917950818035,0.46013544814543844,0.46013544814543844,0.6504098292348363,0.795,1
106,A,inf,34.28776928831011,1.55025,1.5176734449760763,2.0,0.6890000000000001,1
107,A,46.12307009129177,118.06028842187581,1.5405,1.5083002392344498,2.0,1.0,1
108,A,57.41111897700138,73.29762488044683,1.6006250000000002,1.5657446172248806,2.0,0.841,1
109,A,26.23960997460221,69.49179631604781,1.8562500000000002,1.8171495215311007,2.0,1.0,1
110,A,0.053495681456772325,0.9869046794733007,0.03174543385639118,0.03174543385639118,0.08224205662277506,0.772,1
111,A,inf,53.10402839301625,1.302875,1.2772206937799044,2.0,0.706,1
112,A,inf,4.97792563780493,0.24882673195305036,0.24882673195305036,0.41482713648374414,0.776,1
113,A,24.22631819329326,127.68265547148562,1.378875,1.349840311004785,2.0,0.751,1
114,A,inf,20.617329029044175,1.2390019719390948,1.2190587052048756,1.7181107524203478,0.783,1
115,A,8.46442519643205,57.88160147410035,1.093875,1.0783403110047847,2.0,0.841,1
116,A,0.699354416861869,2.2578477768020853,0.06764135631336247,0.06764135631336247,0.18815398140017378,0.7190000000000001,1
117,A,9.803494451626813,62.44034925131504,1.03525,1.0167117224880384,2.0,0.6890000000000001,1
118,A,inf,7.191932279004867,0.36210393450964845,0.36210393450964845,0.5993276899170722,0.48600000000000004,1
119,A,26.10551243406722,60.730161089690704,1.5571249999999999,1.524343899521531,2.0,1.0,1
120,A,12.786188780357504,75.26616423781749,1.2985,1.2728995215311005,2.0,0.6890000000000001,1
121,A,58.67955478828305,102.02872359721134,1.5818750000000001,1.5481250000000002,2.0,1.0,1
122,A,0.5992121290634277,10.236369248870556,0.4890395620807471,0.4890395620807471,0.853030770739213,0.676,1
123,A,8.948060815809923,17.464629454618727,0.9867427415174106,0.9794870732224026,1.455385787884894,0.795,1
124,A,10.705041204215654,14.050132940273844,0.6158954616060257,0.614758814933996,1.170844411689487,0.751,1
125,A,inf,86.09683946832725,1.294125,1.2664037081339714,2.0,0.751,1
126,A,1.3345036059999642,15.037237705287204,0.5937405795875625,0.5898223249641746,1.253103142107267,0.676,1
127,A,22.793307075509624,38.69842302463334,1.502,1.4696495215311005,2.0,0.808,1
128,A,0.15826148416055139,4.924924556218104,0.23263637580142807,0.23263637580142807,0.410410379684842,0.73,1
129,A,12.914610230730853,38.97328684843721,1.5458749999999999,1.5139336124401914,2.0,0.862,1
130,A,inf,93.91148581051058,1.7457500000000001,1.7064126794258374,2.0,0.804,1
131,A,7.195379069508304,35.87705648057657,1.43075,1.4050526315789473,2.0,1.0,1
132,A,6.304549668115726,25.063130135486382,1.05025,1.028202153110048,2.0,0.48499999999999993,1
133,A,67.74030210181829,152.92059087238871,1.5945,1.5595873205741628,2.0,0.776,1
134,A,inf,100.91392663153152,1.6038749999999997,1.569619019138756,2.0,0.841,1
135,A,inf,29.716645290401413,1.5995,1.5638552631578948,2.0,0.749,1
136,A,27.35252317427748,41.26708304352343,1.7166249999999998,1.679193181818182,2.0,0.772,1
137,A,1.1708101923642646,4.0523000074518905,0.2207751543899129,0.2207751543899129,0.33769166728765754,0.795,1
138,A,41.47905385286227,92.33286167270616,1.5501250000000002,1.5161058612440192,2.0,0.7190000000000001,1
139,A,47.08348803613503,56.021391094388775,1.203125,1.1726584928229666,2.0,0.754,1
140,A,18.131494082279303,48.306714114904246,1.3757500000000003,1.3453696172248808,2.0,0.6940000000000001,1
141,A,46.3588121189996,67.38688510646504,1.0875000000000001,1.0663241626794258,2.0,0.48499999999999993,1
142,A,20.300169334998518,23.089368985248072,1.4171681693868265,1.391813439604619,1.924114082104006,1.0,1
143,A,38.02143058838702,63.8552934590286,1.5842500000000002,1.5494126794258376,2.0,0.762,1
144,A,10.212208777172133,103.77994508724295,1.136125,1.1101154306220098,2.0,0.732,1
145,A,7.366296151227255,9.707527878958924,0.6199803282899552,0.6199803282899552,0.8089606565799103,1.0,1
146,A,1.7175522329929667,13.154208835696851,0.6665583075736153,0.6651562751900625,1.0961840696414042,0.664,1
147,A,49.30373723081785,74.49469273260712,1.75275,1.7155334928229666,2.0,0.8160000000000001,1
148,A,2.540206860178409,6.9488199454561315,0.3817646292947417,0.3817646292947417,0.579068328788011,0.751,1
149,A,23.201545555770895,40.356738889424236,1.7471249999999998,1.7085197368421052,2.0,0.762,1
150,A,20.88906307746084,80.57164574359734,1.60075,1.5668600478468901,2.0,0.862,1
151,A,30.140628738465914,74.54286676206333,1.7322499999999998,1.6949366028708133,2.0,1.0,1
152,A,4.575910635127556,31.39822789682148,1.5607500000000003,1.5259880382775122,2.0,1.0,1
153,A,6.403331058217502,35.23423205949405,1.079375,1.0608797846889955,2.0,0.7190000000000001,1
154,A,20.400104175752,135.15423114217967,1.654,1.6189796650717703,2.0,1.0,1
155,A,55.91206110517414,64.29187795076172,1.344875,1.3154635167464115,2.0,0.664,1
156,A,21.907935768434072,59.61029945003438,1.509625,1.478028110047847,2.0,0.8250000000000001,1
157,A,27.710616524402194,41.80751101099642,1.515625,1.4835651913875598,2.0,0.751,1
158,A,32.4585602488232,77.12351016651283,1.6373750000000002,1.6029144736842107,2.0,0.829,1
159,A,40.733041366322595,64.55931149699339,1.8318750000000001,1.7907936602870815,2.0,1.0,1
160,A,4.7528883537497535,13.548393911565007,0.8721534586451378,0.8698753192776439,1.1290328259637505,0.862,1
161,B,8.818309983337569,11.539004345163704,0.6505194053396024,0.6505194053396024,0.9615836954303086,0.762,0
162,B,6.871609901103851,7.837855118829889,0.43169314648080137,0.43169314648080137,0.6531545932358241,0.783,0
163,B,41.99811146149623,106.12185963457472,1.5672500000000003,1.5335753588516747,2.0,0.841,0
164,B,2.84076644229123,7.808774886394099,0.4372265467432976,0.4372265467432976,0.6507312405328416,0.871,0
165,B,21.676646882749836,41.16495795369705,1.487875,1.4571285885167464,2.0,0.762,0
166,B,1.0244720044477484,14.280055566537333,0.864041636897579,0.8611492936818937,1.1900046305447778,0.771,0
167,B,2.5496348551128327,30.600472404910978,1.3646250000000002,1.3339539473684212,2.0,0.862,0
168,B,0.13058247211444288,10.35469399000688,0.463157027122286,0.463157027122286,0.8628911658339066,0.784,0
169,B,6.486352099625503,34.484860148285485,1.23475,1.2111626794258372,2.0,0.762,0
170,B,1.632965113446272,25.0026246436545,1.3108750000000002,1.2813666267942585,2.0,0.6880000000000001,0
171,B,inf,30.914784150420417,1.7738750000000003,1.73436543062201,2.0,0.85,0
172,B,0.8152542846001403,1.3525413628550087,0.029248706971739563,0.029248706971739563,0.11271178023791739,0.519,0
173,B,2.4826402294310865,14.687817628111269,0.722644680819912,0.71926883332049,1.2239848023426056,0.797,0
174,B,13.485106964222307,42.014125540965075,0.7232500000000001,0.7119354066985646,2.0,0.749,0
175,B,1.34310138390962,21.381930281112684,1.3449268515926043,1.321278087648425,1.781827523426057,1.0,0
176,B,1.5140836730420715,63.53704168076528,1.3287499999999999,1.3038277511961722,2.0,0.871,0
177,B,3.6979596980456466,60.58038253202426,1.30125,1.2736363636363637,2.0,0.8180000000000001,0
178,B,0.19369712928356994,5.532240564339296,0.27411302765911716,0.27411302765911716,0.46102004702827465,0.808,0
179,B,0.7534345655527334,17.724009313759225,0.47997466958803264,0.47548652592156226,1.4770007761466022,0.541,0
180,B,5.773136660540362,27.207276232319384,1.2115,1.190291866028708,2.0,0.732,0
181,B,28.157225241720667,110.55593716435503,1.156375,1.1332075358851674,2.0,0.547,0
182,B,inf,8.256392976094602,0.38971416469916925,0.38971416469916925,0.6880327480078835,0.763,0
183,B,7.048629468544087,44.04188039719114,1.487125,1.4572398325358853,2.0,0.8160000000000001,0
184,B,inf,34.23343913669105,1.4041249999999998,1.3714407894736844,2.0,0.6940000000000001,0
185,B,23.753500999531845,52.4627222120492,1.0101250000000002,0.9912422248803829,2.0,0.5280000000000001,0
186,B,20.143706135373602,20.869870151037876,1.3287029229599114,1.3047031559424989,1.739155845919823,0.751,0
187,B,10.121466992352017,44.31397656893537,1.6788750000000003,1.6451034688995216,2.0,0.883,0
188,B,15.111863831424,50.436383371548345,1.394125,1.3630017942583732,2.0,0.8250000000000001,0
189,B,43.82737729690024,87.22540609241719,1.641125,1.605028110047847,2.0,0.862,0
190,B,54.222916391832406,119.3503911196329,1.5982500000000002,1.5653504784688996,2.0,0.8250000000000001,0
191,B,24.610767866854683,88.73018723358238,1.1968750000000001,1.1712529904306221,2.0,0.49200000000000005,0
192,B,inf,1.4880773439171737,0.04724645566937027,0.04724645566937027,0.12400644532643114,0.762,0
193,B,25.125674426287706,39.370361009674326,1.239625,1.2135508373205743,2.0,0.75,0
194,B,8.207536867137492,12.830120014425072,0.6251952219437483,0.6245085855921036,1.069176667868756,0.7070000000000001,0
195,B,0.3826919162505484,3.843280319466176,0.21876327290400754,0.21876327290400754,0.3202733599555147,0.829,0
196,B,inf,20.470605152510796,1.4876918813546165,1.4638379247412598,1.705883762709233,0.862,0
197,B,inf,1.4302811315596198,0.05011943465173501,0.05011943465173501,0.11919009429663498,0.841,0
198,B,4.073339245756213,9.807668350383691,0.32394691673859816,0.32394691673859816,0.8173056958653077,0.706,0
199,B,2.057786512087189,26.03229169614215,0.827,0.8112177033492822,2.0,0.73,0
200,B,6.853585968218739,48.60854399531501,1.253125,1.2297745215311005,2.0,0.676,0
201,B,4.448578013304215,40.812453431612816,1.4411250000000002,1.4110352870813399,2.0,0.73,0
202,B,54.60571514463939,86.83092120501198,1.671,1.6336973684210525,2.0,0.8160000000000001,0
203,B,1.1433679208233465,14.13827493612266,0.29241188235388077,0.29100000703720647,1.1781895780102216,0.503,0
204,B,14.618322428505223,47.19272075794219,1.406375,1.3785137559808613,2.0,0.762,0
205,B,12.622703279832228,58.579438886580064,1.5875000000000004,1.5555263157894739,2.0,0.77,0
206,B,8.403707974703028,18.8389400030653,1.318712458441896,1.2997021133415274,1.5699116669221083,0.858,0
207,B,13.127613450723759,59.20533854567703,1.49275,1.4611638755980862,2.0,0.841,0
208,B,4.614523968821573,14.730993372808271,0.9179580627524192,0.9138958734472911,1.2275827810673559,0.858,0
209,B,14.518270755423767,40.97928136124646,1.3931250000000002,1.3659527511961724,2.0,0.73,0
210,B,4.291678687426622,40.897694970412005,0.9587499999999999,0.9389521531100478,2.0,0.762,0
211,B,2.6344213756665726,4.547417389564238,0.22276321118323347,0.22276321118323347,0.37895144913035317,0.765,0
212,B,39.696826653988616,63.73716872639109,1.520875,1.488825956937799,2.0,0.781,0
213,B,13.041400629912228,49.19721285697184,1.8595,1.8217452153110048,2.0,0.862,0
214,B,10.256940936116012,27.886058700281392,1.26,1.2371877990430624,2.0,0.795,0
215,B,17.61164066101038,17.97941558566911,1.1296356764519488,1.1203876090449272,1.4982846321390924,0.871,0
216,B,0.6654684583537491,13.203079192988286,0.6175351910060093,0.6161018574220185,1.1002565994156905,0.797,0
217,B,3.0569446778015883,27.51543681632676,1.399,1.3683935406698566,2.0,0.776,0
218,B,62.43378598515614,193.07259253319447,1.7690000000000001,1.729598086124402,2.0,0.829,0
219,B,62.38694200487016,149.02726505791819,1.283875,1.2575424641148327,2.0,0.677,0
220,B,41.88194159708438,144.23232516058556,1.60825,1.5736172248803828,2.0,0.751,0
221,B,22.312919542205456,61.911677727778624,1.9009999999999998,1.8607153110047847,2.0,1.0,0
222,B,0.5854205950972529,12.560379159146992,0.30433349926921044,0.30421686532938796,1.0466982632622492,0.48499999999999993,0
223,B,9.992750267012076,42.459877835184045,1.196375,1.1739934210526317,2.0,0.8250000000000001,0
224,B,10.086945671196068,52.038407689565744,1.5438749999999999,1.5111477272727272,2.0,0.783,0
225,B,4.263900053029461,18.511890194892807,1.2506542666263554,1.2324215470108664,1.5426575162410672,1.0,0
226,B,inf,17.41912307080512,1.22579679461688,1.2160734876716555,1.4515935892337601,1.0,0
227,B,1.3140078415334548,24.539562370336327,1.6130000000000002,1.5785717703349285,2.0,1.0,0
228,B,inf,31.1407901373653,1.46275,1.4303564593301437,2.0,0.763,0
229,B,5.349178394015753,21.794671107493222,1.0487474604519935,1.02906276119808,1.816222592291102,0.549,0
230,B,inf,36.64772724658,1.723,1.6885179425837324,2.0,0.762,0
231,B,10.487604227197961,29.01335082049999,1.482,1.4502416267942584,2.0,0.783,0
232,B,7.335818912779504,15.93593846842433,0.7131146693796763,0.7094494443824654,1.3279948723686943,0.447,0
233,B,8.144630638944928,15.700282106777953,0.9355052016292512,0.9302137096930634,1.3083568422314962,0.7170000000000001,0
234,B,inf,14.851624831457599,0.9509256868023267,0.9466226667964849,1.2376354026214667,0.858,0
235,B,1.2291129010270476,12.274181016894692,0.6155769157893561,0.6152291060185227,1.0228484180745576,0.8160000000000001,0
236,B,11.745617776060476,24.74001638790487,1.1424999999999998,1.1239940191387559,2.0,0.8160000000000001,0
237,B,inf,2.574209785833544,0.08548521663788895,0.08548521663788895,0.21451748215279534,0.797,0
238,B,19.048617068566774,29.90163447277734,1.7225000000000001,1.6837117224880385,2.0,0.783,0
239,B,1.1436147655978515,9.030207337384642,0.38638859917473156,0.38638859917473156,0.7525172781153868,0.762,0
240,B,6.694540731065539,28.22278680712751,1.5447499999999998,1.5132069377990431,2.0,0.8160000000000001,0
241,B,inf,6.522952372620218,0.3789064680005316,0.3789064680005316,0.5435793643850182,0.762,0
242,B,6.404316647693958,7.228511897328659,0.5511879957220275,0.5511879957220275,0.6023759914440548,1.0,0
243,B,14.989953817208423,22.019676958347382,1.2290961333874297,1.2115387640071098,1.8349730798622819,0.85,0
244,B,16.16171601906419,40.78256199877225,1.6003749999999999,1.567034090909091,2.0,0.853,0
245,B,14.040284065371551,16.211552553132712,0.8955412816737954,0.8901836427500436,1.3509627127610593,0.74,0
246,B,70.26067714557156,75.92743523411772,0.6745,0.661366028708134,2.0,0.462,0
247,B,28.464622372989126,88.31681518859959,1.4723750000000002,1.4405305023923445,2.0,0.762,0
248,B,2.1715071801835237,28.68662305236379,1.231875,1.2055962918660288,2.0,0.739,0
249,B,1.0094012930878837,33.46477831349993,0.945875,0.9283379186602871,2.0,0.752,0
250,B,10.094518174197763,16.370747530558344,0.8282343887773934,0.8229330275381755,1.364228960879862,0.751,0
251,B,4.944049753438954,58.220220938112526,0.64975,0.6390813397129187,2.0,0.41100000000000003,0
252,B,30.984483886768597,43.32101135452749,2.0,1.9569377990430623,2.0,1.0,0
253,B,18.189468405424687,47.72157544521934,1.7412499999999997,1.7074892344497608,2.0,1.0,0
254,B,14.126526643402228,61.173436934442016,0.8118750000000001,0.7988486842105265,2.0,0.315,0
255,B,1.675618978021638,24.97359390379554,0.985375,0.9613139952153109,2.0,0.74,0
256,B,7.387441142584018,32.120442308690336,1.75825,1.7227882775119618,2.0,0.862,0
257,B,15.205646274854146,35.47069021757435,1.7158749999999998,1.6802840909090908,2.0,0.871,0
258,B,4.7580963261482045,37.42298743785951,1.5165,1.4860550239234451,2.0,0.762,0
259,B,12.621004465668683,23.316661246504204,1.2688463649470638,1.2452710430115443,1.9430551038753503,0.455,0
260,B,16.38008433785715,62.932353555886465,1.5576249999999998,1.5251453349282298,2.0,0.8160000000000001,0
261,B,inf,1.1086180439106685,0.030671765881528496,0.030671765881528496,0.09238483699255572,0.664,0
262,B,4.953031663879876,27.352642398931398,1.343625,1.3160005980861245,2.0,0.808,0
263,B,18.788170454695088,34.90946740487593,0.95575,0.9342081339712918,2.0,0.7050000000000001,0
264,B,6.922900009164135,47.4719437746688,1.52425,1.4915011961722489,2.0,0.829,0
265,B,inf,58.88437877688786,1.565125,1.532290071770335,2.0,0.6150000000000001,0
266,B,36.49454831335296,67.28598808894135,1.8797500000000003,1.8403803827751197,2.0,1.0,0
267,B,15.597207191190478,42.197894330901434,1.8661250000000003,1.827971889952153,2.0,0.841,0
268,B,inf,9.928001139985403,0.5313667070411497,0.5313667070411497,0.8273334283321169,0.762,0
269,B,21.557537596432404,31.041490207363136,0.960875,0.9444252392344498,2.0,0.5420000000000001,0
270,B,13.60527528123233,34.76220466016369,1.4122500000000002,1.3806423444976077,2.0,0.765,0
271,B,25.658337465039807,62.1303916571306,1.100125,1.0811345693779906,2.0,0.40599999999999997,0
272,B,0.5853298027384235,8.136711446664506,0.4479655884315981,0.4479655884315981,0.6780592872220422,0.749,0
273,B,inf,1.4961191864920358,0.05242650982665842,0.05242650982665842,0.12467659887433631,0.841,0
274,B,35.58162584650711,61.40833480405752,1.853375,1.8144467703349283,2.0,0.829,0
275,B,21.753100392045702,33.59536665111541,1.39925,1.3676315789473685,2.0,0.7170000000000001,0
276,B,24.29635989265752,38.922002926892745,1.29775,1.2734629186602873,2.0,0.749,0
277,B,7.097653381470082,8.409039138481566,0.4398279535083082,0.4398279535083082,0.7007532615401305,0.75,0
278,B,6.437814248493315,52.24247851302628,1.3411250000000001,1.3127793062200959,2.0,0.75,0
279,B,0.9442254273901649,3.5051156701965316,0.20910242471053567,0.20910242471053567,0.2920929725163776,0.883,0
280,B,6.843326486833854,54.033326135772064,1.1775000000000002,1.1536650717703352,2.0,0.7190000000000001,0
281,B,18.48090784154196,22.00992208099193,1.5957593918809296,1.5701046812257702,1.8341601734159942,1.0,0
282,B,48.08638628338668,98.45720485935352,1.89875,1.8571734449760766,2.0,1.0,0
283,B,15.551835620656325,39.62817659750266,1.7610000000000003,1.7255813397129187,2.0,1.0,0
284,B,47.214993764268876,78.05191957483788,1.94825,1.9051877990430626,2.0,1.0,0
285,B,8.779877928229396,40.689719918940234,1.307875,1.2830604066985647,2.0,0.762,0
286,B,8.319414782860461,24.347586716159146,1.516375,1.488901315789474,2.0,1.0,0
287,B,16.91162433989677,21.17626754152125,1.2632517353154213,1.2446003447994465,1.7646889617934374,0.783,0
288,B,5.836203778332355,18.39607184147384,1.0153656522508205,0.9990508633979143,1.5330059867894867,0.805,0
289,B,2.6890464528345603,5.724976202217674,0.05660523907213553,0.05660523907213553,0.47708135018480613,0.5120000000000001,0
290,B,2.311102893009299,13.652149201136442,0.5796025133343774,0.5774503716118444,1.1376791000947035,0.6940000000000001,0
291,B,14.23682972458156,14.986339102350097,0.6301880761703272,0.6272517475314136,1.2488615918625081,0.6890000000000001,0
292,B,13.679781988160371,31.92649435792891,1.3417500000000002,1.3146854066985647,2.0,0.5650000000000001,0
293,B,12.06369879146683,15.44203926002077,0.804128321565611,0.7997681306847952,1.2868366050017308,0.762,0
294,B,16.72490792418541,98.29825243270909,1.4869999999999999,1.456102870813397,2.0,0.808,0
295,B,13.443271030398645,55.97934519403187,1.0385000000000002,1.0232236842105267,2.0,0.449,0
296,B,7.736049881357951,18.782309992274726,1.1406671673255377,1.12564202614884,1.5651924993562272,0.829,0
297,B,0.5168203484709143,1.1058192171646248,0.03971734021649611,0.03971734021649611,0.09215160143038541,0.862,0
298,B,inf,3.064205064986537,0.21345510881680307,0.21345510881680307,0.2553504220822114,0.8180000000000001,0
299,B,7.111553628949309,9.379008922148278,0.4846349670456587,0.4846349670456587,0.7815840768456899,0.6890000000000001,0
300,B,inf,6.1790405996494435,0.3781250371649653,0.3781250371649653,0.514920049970787,0.795,0
301,B,5.406364956754492,8.792157699378098,0.47601097232337236,0.47601097232337236,0.7326798082815081,0.829,0
302,B,14.677548252337264,58.044219742522365,1.324,1.3009832535885169,2.0,0.783,0
303,B,6.697677737836451,10.512969841156695,0.5474683479461949,0.5474683479461949,0.8760808200963912,0.841,0
304,B,0.12328368568364695,19.574531494950428,1.257688191401545,1.2388619056474115,1.6312109579125356,0.795,0
305,B,4.833220703752362,25.969235206004015,1.4117499999999998,1.379421052631579,2.0,0.841,0
306,B,23.561357737784707,27.206319321135027,1.491625,1.459296052631579,2.0,0.7010000000000001,0
307,B,15.55000991613264,58.309819633348724,1.58775,1.5557655502392347,2.0,0.8160000000000001,0
308,B,6.6627092224825475,24.06780400272639,1.1418749999999998,1.1191381578947368,2.0,0.7170000000000001,0
309,B,3.326523275439539,4.188043148347005,0.2524205497447966,0.2524205497447966,0.34900359569558376,0.8160000000000001,0
310,B,4.428778127366009,11.539573101877213,0.4787908599406941,0.4787908599406941,0.9616310918231011,0.883,0
311,B,20.543017439547473,68.44480331003008,1.4887500000000002,1.457002392344498,2.0,0.706,0
312,B,8.567067041590573,18.12913470659453,0.9389490277306477,0.9291707203164095,1.5107612255495442,0.762,0
313,B,2.480521087853365,16.73125509929404,0.8586970254291741,0.8526867468221762,1.3942712582745032,0.762,0
314,B,14.375540849572038,14.91669911740646,0.9151677699918196,0.9108973875519805,1.2430582597838715,0.73,0
315,B,33.93686154021071,105.51639074409668,1.579,1.5443133971291867,2.0,0.762,0
316,B,14.776590044558242,34.879342293481734,1.6522499999999998,1.618693779904306,2.0,0.829,0
317,B,inf,8.462756377775277,0.4303210834462227,0.4303210834462227,0.7052296981479397,0.7190000000000001,0
318,B,15.659345331396626,59.09425236305858,1.385625,1.3603044258373207,2.0,0.762,0
319,B,4.79615263946088,24.49704351980523,1.5215000000000003,1.488934210526316,2.0,0.808,0
320,B,5.472264565157256,6.145190747898921,0.12899190848109268,0.12899190848109268,0.5120992289915768,0.371,0
