unit,treat,month,n_pat,n_sed
1,1,2015-01-01,8000,747
1,1,2015-02-01,8016,787
1,1,2015-03-01,8032,777
1,1,2015-04-01,8048,759
1,1,2015-05-01,8064,800
1,1,2015-06-01,8080,775
1,1,2015-07-01,8096,774
1,1,2015-08-01,8112,787
1,1,2015-09-01,8128,742
1,1,2015-10-01,8144,746
1,1,2015-11-01,8160,781
1,1,2015-12-01,8176,816
1,1,2016-01-01,8192,806
1,1,2016-02-01,8208,696
1,1,2016-03-01,8224,812
1,1,2016-04-01,8240,742
1,1,2016-05-01,8256,809
1,1,2016-06-01,8272,718
1,1,2016-07-01,8288,732
1,1,2016-08-01,8304,738
1,1,2016-09-01,8320,808
1,1,2016-10-01,8336,723
1,1,2016-11-01,8352,742
1,1,2016-12-01,8368,800
1,1,2017-01-01,8384,748
1,1,2017-02-01,8400,768
1,1,2017-03-01,8416,799
1,1,2017-04-01,8432,732
1,1,2017-05-01,8448,766
1,1,2017-06-01,8464,808
1,1,2017-07-01,8480,765
1,1,2017-08-01,8496,831
1,1,2017-09-01,8512,794
1,1,2017-10-01,8528,731
1,1,2017-11-01,8544,772
1,1,2017-12-01,8560,774
1,1,2018-01-01,8576,716
1,1,2018-02-01,8592,718
1,1,2018-03-01,8608,688
1,1,2018-04-01,8624,656
1,1,2018-05-01,8640,639
1,1,2018-06-01,8656,658
1,1,2018-07-01,8672,635
1,1,2018-08-01,8688,674
1,1,2018-09-01,8704,626
1,1,2018-10-01,8720,671
1,1,2018-11-01,8736,611
1,1,2018-12-01,8752,711
1,1,2019-01-01,8768,659
1,1,2019-02-01,8784,622
1,1,2019-03-01,8800,710
1,1,2019-04-01,8816,647
1,1,2019-05-01,8832,643
1,1,2019-06-01,8848,623
1,1,2019-07-01,8864,650
1,1,2019-08-01,8880,620
1,1,2019-09-01,8896,624
1,1,2019-10-01,8912,622
1,1,2019-11-01,8928,619
1,1,2019-12-01,8944,674
2,1,2015-01-01,4900,498
2,1,2015-02-01,4910,489
2,1,2015-03-01,4920,482
2,1,2015-04-01,4929,466
2,1,2015-05-01,4939,463
2,1,2015-06-01,4949,537
2,1,2015-07-01,4959,466
2,1,2015-08-01,4969,482
2,1,2015-09-01,4978,484
2,1,2015-10-01,4988,454
2,1,2015-11-01,4998,504
2,1,2015-12-01,5008,548
2,1,2016-01-01,5018,457
2,1,2016-02-01,5027,511
2,1,2016-03-01,5037,498
2,1,2016-04-01,5047,481
2,1,2016-05-01,5057,461
2,1,2016-06-01,5067,426
2,1,2016-07-01,5076,455
2,1,2016-08-01,5086,481
2,1,2016-09-01,5096,497
2,1,2016-10-01,5106,464
2,1,2016-11-01,5116,487
2,1,2016-12-01,5125,469
2,1,2017-01-01,5135,479
2,1,2017-02-01,5145,508
2,1,2017-03-01,5155,513
2,1,2017-04-01,5165,479
2,1,2017-05-01,5174,514
2,1,2017-06-01,5184,476
2,1,2017-07-01,5194,515
2,1,2017-08-01,5204,478
2,1,2017-09-01,5214,486
2,1,2017-10-01,5223,486
2,1,2017-11-01,5233,486
2,1,2017-12-01,5243,508
2,1,2018-01-01,5253,456
2,1,2018-02-01,5263,430
2,1,2018-03-01,5272,412
2,1,2018-04-01,5282,423
2,1,2018-05-01,5292,422
2,1,2018-06-01,5302,428
2,1,2018-07-01,5312,421
2,1,2018-08-01,5321,408
2,1,2018-09-01,5331,394
2,1,2018-10-01,5341,427
2,1,2018-11-01,5351,421
2,1,2018-12-01,5361,405
2,1,2019-01-01,5370,440
2,1,2019-02-01,5380,417
2,1,2019-03-01,5390,422
2,1,2019-04-01,5400,404
2,1,2019-05-01,5410,406
2,1,2019-06-01,5419,432
2,1,2019-07-01,5429,417
2,1,2019-08-01,5439,424
2,1,2019-09-01,5449,382
2,1,2019-10-01,5459,416
2,1,2019-11-01,5468,379
2,1,2019-12-01,5478,416
3,1,2015-01-01,17000,1595
3,1,2015-02-01,17034,1495
3,1,2015-03-01,17068,1596
3,1,2015-04-01,17102,1506
3,1,2015-05-01,17136,1502
3,1,2015-06-01,17170,1456
3,1,2015-07-01,17204,1605
3,1,2015-08-01,17238,1358
3,1,2015-09-01,17272,1526
3,1,2015-10-01,17306,1471
3,1,2015-11-01,17340,1537
3,1,2015-12-01,17374,1512
3,1,2016-01-01,17408,1521
3,1,2016-02-01,17442,1435
3,1,2016-03-01,17476,1500
3,1,2016-04-01,17510,1458
3,1,2016-05-01,17544,1437
3,1,2016-06-01,17578,1327
3,1,2016-07-01,17612,1333
3,1,2016-08-01,17646,1410
3,1,2016-09-01,17680,1478
3,1,2016-10-01,17714,1451
3,1,2016-11-01,17748,1549
3,1,2016-12-01,17782,1498
3,1,2017-01-01,17816,1495
3,1,2017-02-01,17850,1532
3,1,2017-03-01,17884,1517
3,1,2017-04-01,17918,1481
3,1,2017-05-01,17952,1463
3,1,2017-06-01,17986,1399
3,1,2017-07-01,18020,1424
3,1,2017-08-01,18054,1389
3,1,2017-09-01,18088,1405
3,1,2017-10-01,18122,1467
3,1,2017-11-01,18156,1462
3,1,2017-12-01,18190,1512
3,1,2018-01-01,18224,1457
3,1,2018-02-01,18258,1313
3,1,2018-03-01,18292,1354
3,1,2018-04-01,18326,1308
3,1,2018-05-01,18360,1203
3,1,2018-06-01,18394,1196
3,1,2018-07-01,18428,1119
3,1,2018-08-01,18462,1214
3,1,2018-09-01,18496,1263
3,1,2018-10-01,18530,1235
3,1,2018-11-01,18564,1186
3,1,2018-12-01,18598,1227
3,1,2019-01-01,18632,1239
3,1,2019-02-01,18666,1370
3,1,2019-03-01,18700,1228
3,1,2019-04-01,18734,1161
3,1,2019-05-01,18768,1203
3,1,2019-06-01,18802,1206
3,1,2019-07-01,18836,1212
3,1,2019-08-01,18870,1181
3,1,2019-09-01,18904,1221
3,1,2019-10-01,18938,1156
3,1,2019-11-01,18972,1164
3,1,2019-12-01,19006,1244
4,1,2015-01-01,12600,1134
4,1,2015-02-01,12625,1197
4,1,2015-03-01,12650,1108
4,1,2015-04-01,12676,1166
4,1,2015-05-01,12701,1214
4,1,2015-06-01,12726,1133
4,1,2015-07-01,12751,1118
4,1,2015-08-01,12776,1195
4,1,2015-09-01,12802,1135
4,1,2015-10-01,12827,1210
4,1,2015-11-01,12852,1175
4,1,2015-12-01,12877,1155
4,1,2016-01-01,12902,1136
4,1,2016-02-01,12928,1133
4,1,2016-03-01,12953,1199
4,1,2016-04-01,12978,1205
4,1,2016-05-01,13003,1193
4,1,2016-06-01,13028,1118
4,1,2016-07-01,13054,1087
4,1,2016-08-01,13079,1125
4,1,2016-09-01,13104,1200
4,1,2016-10-01,13129,1166
4,1,2016-11-01,13154,1164
4,1,2016-12-01,13180,1235
4,1,2017-01-01,13205,1205
4,1,2017-02-01,13230,1157
4,1,2017-03-01,13255,1205
4,1,2017-04-01,13280,1095
4,1,2017-05-01,13306,1173
4,1,2017-06-01,13331,1128
4,1,2017-07-01,13356,1169
4,1,2017-08-01,13381,1074
4,1,2017-09-01,13406,1109
4,1,2017-10-01,13432,1154
4,1,2017-11-01,13457,1133
4,1,2017-12-01,13482,1198
4,1,2018-01-01,13507,1120
4,1,2018-02-01,13532,1091
4,1,2018-03-01,13558,1030
4,1,2018-04-01,13583,1065
4,1,2018-05-01,13608,1004
4,1,2018-06-01,13633,998
4,1,2018-07-01,13658,1040
4,1,2018-08-01,13684,1040
4,1,2018-09-01,13709,991
4,1,2018-10-01,13734,959
4,1,2018-11-01,13759,952
4,1,2018-12-01,13784,1021
4,1,2019-01-01,13810,991
4,1,2019-02-01,13835,1016
4,1,2019-03-01,13860,1033
4,1,2019-04-01,13885,997
4,1,2019-05-01,13910,899
4,1,2019-06-01,13936,953
4,1,2019-07-01,13961,963
4,1,2019-08-01,13986,861
4,1,2019-09-01,14011,916
4,1,2019-10-01,14036,975
4,1,2019-11-01,14062,884
4,1,2019-12-01,14087,879
5,1,2015-01-01,23800,2384
5,1,2015-02-01,23848,2393
5,1,2015-03-01,23895,2403
5,1,2015-04-01,23943,2374
5,1,2015-05-01,23990,2350
5,1,2015-06-01,24038,2406
5,1,2015-07-01,24086,2336
5,1,2015-08-01,24133,2320
5,1,2015-09-01,24181,2505
5,1,2015-10-01,24228,2436
5,1,2015-11-01,24276,2340
5,1,2015-12-01,24324,2341
5,1,2016-01-01,24371,2356
5,1,2016-02-01,24419,2358
5,1,2016-03-01,24466,2356
5,1,2016-04-01,24514,2432
5,1,2016-05-01,24562,2410
5,1,2016-06-01,24609,2199
5,1,2016-07-01,24657,2260
5,1,2016-08-01,24704,2289
5,1,2016-09-01,24752,2320
5,1,2016-10-01,24800,2248
5,1,2016-11-01,24847,2299
5,1,2016-12-01,24895,2424
5,1,2017-01-01,24942,2327
5,1,2017-02-01,24990,2255
5,1,2017-03-01,25038,2349
5,1,2017-04-01,25085,2415
5,1,2017-05-01,25133,2489
5,1,2017-06-01,25180,2277
5,1,2017-07-01,25228,2285
5,1,2017-08-01,25276,2310
5,1,2017-09-01,25323,2280
5,1,2017-10-01,25371,2303
5,1,2017-11-01,25418,2261
5,1,2017-12-01,25466,2354
5,1,2018-01-01,25514,2147
5,1,2018-02-01,25561,2248
5,1,2018-03-01,25609,2131
5,1,2018-04-01,25656,2110
5,1,2018-05-01,25704,2187
5,1,2018-06-01,25752,2006
5,1,2018-07-01,25799,1954
5,1,2018-08-01,25847,2133
5,1,2018-09-01,25894,2128
5,1,2018-10-01,25942,2140
5,1,2018-11-01,25990,2078
5,1,2018-12-01,26037,1977
5,1,2019-01-01,26085,1995
5,1,2019-02-01,26132,2086
5,1,2019-03-01,26180,1955
5,1,2019-04-01,26228,1878
5,1,2019-05-01,26275,2007
5,1,2019-06-01,26323,1994
5,1,2019-07-01,26370,1983
5,1,2019-08-01,26418,1834
5,1,2019-09-01,26466,1878
5,1,2019-10-01,26513,1824
5,1,2019-11-01,26561,1888
5,1,2019-12-01,26608,2039
6,1,2015-01-01,11200,1031
6,1,2015-02-01,11222,1078
6,1,2015-03-01,11245,1031
6,1,2015-04-01,11267,1010
6,1,2015-05-01,11290,1070
6,1,2015-06-01,11312,1014
6,1,2015-07-01,11334,1007
6,1,2015-08-01,11357,1030
6,1,2015-09-01,11379,1027
6,1,2015-10-01,11402,1035
6,1,2015-11-01,11424,1112
6,1,2015-12-01,11446,1038
6,1,2016-01-01,11469,1072
6,1,2016-02-01,11491,1066
6,1,2016-03-01,11514,1028
6,1,2016-04-01,11536,964
6,1,2016-05-01,11558,1094
6,1,2016-06-01,11581,996
6,1,2016-07-01,11603,964
6,1,2016-08-01,11626,982
6,1,2016-09-01,11648,980
6,1,2016-10-01,11670,1059
6,1,2016-11-01,11693,1080
6,1,2016-12-01,11715,1085
6,1,2017-01-01,11738,1096
6,1,2017-02-01,11760,1066
6,1,2017-03-01,11782,1067
6,1,2017-04-01,11805,1015
6,1,2017-05-01,11827,1054
6,1,2017-06-01,11850,1021
6,1,2017-07-01,11872,975
6,1,2017-08-01,11894,1026
6,1,2017-09-01,11917,1045
6,1,2017-10-01,11939,1019
6,1,2017-11-01,11962,1046
6,1,2017-12-01,11984,1013
6,1,2018-01-01,12006,943
6,1,2018-02-01,12029,1013
6,1,2018-03-01,12051,928
6,1,2018-04-01,12074,901
6,1,2018-05-01,12096,866
6,1,2018-06-01,12118,906
6,1,2018-07-01,12141,908
6,1,2018-08-01,12163,916
6,1,2018-09-01,12186,921
6,1,2018-10-01,12208,954
6,1,2018-11-01,12230,893
6,1,2018-12-01,12253,865
6,1,2019-01-01,12275,933
6,1,2019-02-01,12298,874
6,1,2019-03-01,12320,919
6,1,2019-04-01,12342,878
6,1,2019-05-01,12365,815
6,1,2019-06-01,12387,881
6,1,2019-07-01,12410,879
6,1,2019-08-01,12432,844
6,1,2019-09-01,12454,836
6,1,2019-10-01,12477,867
6,1,2019-11-01,12499,818
6,1,2019-12-01,12522,832
7,1,2015-01-01,9500,994
7,1,2015-02-01,9519,954
7,1,2015-03-01,9538,898
7,1,2015-04-01,9557,914
7,1,2015-05-01,9576,922
7,1,2015-06-01,9595,936
7,1,2015-07-01,9614,935
7,1,2015-08-01,9633,851
7,1,2015-09-01,9652,877
7,1,2015-10-01,9671,886
7,1,2015-11-01,9690,915
7,1,2015-12-01,9709,870
7,1,2016-01-01,9728,864
7,1,2016-02-01,9747,913
7,1,2016-03-01,9766,911
7,1,2016-04-01,9785,952
7,1,2016-05-01,9804,847
7,1,2016-06-01,9823,853
7,1,2016-07-01,9842,903
7,1,2016-08-01,9861,869
7,1,2016-09-01,9880,961
7,1,2016-10-01,9899,882
7,1,2016-11-01,9918,844
7,1,2016-12-01,9937,884
7,1,2017-01-01,9956,886
7,1,2017-02-01,9975,899
7,1,2017-03-01,9994,910
7,1,2017-04-01,10013,885
7,1,2017-05-01,10032,823
7,1,2017-06-01,10051,865
7,1,2017-07-01,10070,811
7,1,2017-08-01,10089,843
7,1,2017-09-01,10108,825
7,1,2017-10-01,10127,804
7,1,2017-11-01,10146,863
7,1,2017-12-01,10165,934
7,1,2018-01-01,10184,770
7,1,2018-02-01,10203,768
7,1,2018-03-01,10222,793
7,1,2018-04-01,10241,769
7,1,2018-05-01,10260,764
7,1,2018-06-01,10279,745
7,1,2018-07-01,10298,703
7,1,2018-08-01,10317,771
7,1,2018-09-01,10336,739
7,1,2018-10-01,10355,743
7,1,2018-11-01,10374,739
7,1,2018-12-01,10393,757
7,1,2019-01-01,10412,770
7,1,2019-02-01,10431,771
7,1,2019-03-01,10450,751
7,1,2019-04-01,10469,713
7,1,2019-05-01,10488,695
7,1,2019-06-01,10507,752
7,1,2019-07-01,10526,751
7,1,2019-08-01,10545,668
7,1,2019-09-01,10564,743
7,1,2019-10-01,10583,762
7,1,2019-11-01,10602,677
7,1,2019-12-01,10621,665
8,1,2015-01-01,6900,638
8,1,2015-02-01,6914,638
8,1,2015-03-01,6928,579
8,1,2015-04-01,6941,630
8,1,2015-05-01,6955,649
8,1,2015-06-01,6969,640
8,1,2015-07-01,6983,669
8,1,2015-08-01,6997,647
8,1,2015-09-01,7010,620
8,1,2015-10-01,7024,654
8,1,2015-11-01,7038,682
8,1,2015-12-01,7052,640
8,1,2016-01-01,7066,676
8,1,2016-02-01,7079,644
8,1,2016-03-01,7093,689
8,1,2016-04-01,7107,584
8,1,2016-05-01,7121,656
8,1,2016-06-01,7135,665
8,1,2016-07-01,7148,618
8,1,2016-08-01,7162,601
8,1,2016-09-01,7176,599
8,1,2016-10-01,7190,648
8,1,2016-11-01,7204,646
8,1,2016-12-01,7217,649
8,1,2017-01-01,7231,651
8,1,2017-02-01,7245,627
8,1,2017-03-01,7259,668
8,1,2017-04-01,7273,649
8,1,2017-05-01,7286,617
8,1,2017-06-01,7300,636
8,1,2017-07-01,7314,624
8,1,2017-08-01,7328,640
8,1,2017-09-01,7342,629
8,1,2017-10-01,7355,614
8,1,2017-11-01,7369,615
8,1,2017-12-01,7383,611
8,1,2018-01-01,7397,528
8,1,2018-02-01,7411,574
8,1,2018-03-01,7424,548
8,1,2018-04-01,7438,586
8,1,2018-05-01,7452,509
8,1,2018-06-01,7466,537
8,1,2018-07-01,7480,563
8,1,2018-08-01,7493,573
8,1,2018-09-01,7507,553
8,1,2018-10-01,7521,607
8,1,2018-11-01,7535,504
8,1,2018-12-01,7549,587
8,1,2019-01-01,7562,498
8,1,2019-02-01,7576,544
8,1,2019-03-01,7590,541
8,1,2019-04-01,7604,554
8,1,2019-05-01,7618,571
8,1,2019-06-01,7631,553
8,1,2019-07-01,7645,565
8,1,2019-08-01,7659,512
8,1,2019-09-01,7673,478
8,1,2019-10-01,7687,515
8,1,2019-11-01,7700,516
8,1,2019-12-01,7714,537
9,1,2015-01-01,23300,2131
9,1,2015-02-01,23347,2147
9,1,2015-03-01,23393,2077
9,1,2015-04-01,23440,2091
9,1,2015-05-01,23486,2032
9,1,2015-06-01,23533,2140
9,1,2015-07-01,23580,2154
9,1,2015-08-01,23626,2074
9,1,2015-09-01,23673,2226
9,1,2015-10-01,23719,2054
9,1,2015-11-01,23766,2134
9,1,2015-12-01,23813,2173
9,1,2016-01-01,23859,2075
9,1,2016-02-01,23906,1997
9,1,2016-03-01,23952,2012
9,1,2016-04-01,23999,2178
9,1,2016-05-01,24046,2138
9,1,2016-06-01,24092,2105
9,1,2016-07-01,24139,2044
9,1,2016-08-01,24185,2059
9,1,2016-09-01,24232,2091
9,1,2016-10-01,24279,2128
9,1,2016-11-01,24325,2116
9,1,2016-12-01,24372,2209
9,1,2017-01-01,24418,2190
9,1,2017-02-01,24465,2223
9,1,2017-03-01,24512,2222
9,1,2017-04-01,24558,2145
9,1,2017-05-01,24605,2173
9,1,2017-06-01,24651,2182
9,1,2017-07-01,24698,2003
9,1,2017-08-01,24745,2073
9,1,2017-09-01,24791,2115
9,1,2017-10-01,24838,2040
9,1,2017-11-01,24884,1952
9,1,2017-12-01,24931,2066
9,1,2018-01-01,24978,1927
9,1,2018-02-01,25024,1825
9,1,2018-03-01,25071,1817
9,1,2018-04-01,25117,1890
9,1,2018-05-01,25164,1727
9,1,2018-06-01,25211,1757
9,1,2018-07-01,25257,1722
9,1,2018-08-01,25304,1754
9,1,2018-09-01,25350,1851
9,1,2018-10-01,25397,1797
9,1,2018-11-01,25444,1803
9,1,2018-12-01,25490,1762
9,1,2019-01-01,25537,1822
9,1,2019-02-01,25583,1841
9,1,2019-03-01,25630,1874
9,1,2019-04-01,25677,1712
9,1,2019-05-01,25723,1687
9,1,2019-06-01,25770,1743
9,1,2019-07-01,25816,1778
9,1,2019-08-01,25863,1695
9,1,2019-09-01,25910,1752
9,1,2019-10-01,25956,1660
9,1,2019-11-01,26003,1716
9,1,2019-12-01,26049,1716
10,1,2015-01-01,28400,2572
10,1,2015-02-01,28457,2575
10,1,2015-03-01,28514,2518
10,1,2015-04-01,28570,2415
10,1,2015-05-01,28627,2532
10,1,2015-06-01,28684,2701
10,1,2015-07-01,28741,2582
10,1,2015-08-01,28798,2636
10,1,2015-09-01,28854,2694
10,1,2015-10-01,28911,2641
10,1,2015-11-01,28968,2607
10,1,2015-12-01,29025,2605
10,1,2016-01-01,29082,2589
10,1,2016-02-01,29138,2452
10,1,2016-03-01,29195,2597
10,1,2016-04-01,29252,2634
10,1,2016-05-01,29309,2599
10,1,2016-06-01,29366,2517
10,1,2016-07-01,29422,2448
10,1,2016-08-01,29479,2328
10,1,2016-09-01,29536,2541
10,1,2016-10-01,29593,2544
10,1,2016-11-01,29650,2560
10,1,2016-12-01,29706,2614
10,1,2017-01-01,29763,2715
10,1,2017-02-01,29820,2645
10,1,2017-03-01,29877,2567
10,1,2017-04-01,29934,2519
10,1,2017-05-01,29990,2529
10,1,2017-06-01,30047,2346
10,1,2017-07-01,30104,2400
10,1,2017-08-01,30161,2482
10,1,2017-09-01,30218,2565
10,1,2017-10-01,30274,2476
10,1,2017-11-01,30331,2474
10,1,2017-12-01,30388,2592
10,1,2018-01-01,30445,2498
10,1,2018-02-01,30502,2390
10,1,2018-03-01,30558,2338
10,1,2018-04-01,30615,2138
10,1,2018-05-01,30672,2301
10,1,2018-06-01,30729,2099
10,1,2018-07-01,30786,2177
10,1,2018-08-01,30842,2200
10,1,2018-09-01,30899,2099
10,1,2018-10-01,30956,2279
10,1,2018-11-01,31013,2124
10,1,2018-12-01,31070,2247
10,1,2019-01-01,31126,2264
10,1,2019-02-01,31183,2258
10,1,2019-03-01,31240,2117
10,1,2019-04-01,31297,2157
10,1,2019-05-01,31354,2128
10,1,2019-06-01,31410,2113
10,1,2019-07-01,31467,2151
10,1,2019-08-01,31524,2037
10,1,2019-09-01,31581,2029
10,1,2019-10-01,31638,2059
10,1,2019-11-01,31694,2078
10,1,2019-12-01,31751,2192
11,1,2015-01-01,3400,311
11,1,2015-02-01,3407,356
11,1,2015-03-01,3414,340
11,1,2015-04-01,3420,309
11,1,2015-05-01,3427,336
11,1,2015-06-01,3434,325
11,1,2015-07-01,3441,318
11,1,2015-08-01,3448,353
11,1,2015-09-01,3454,361
11,1,2015-10-01,3461,331
11,1,2015-11-01,3468,313
11,1,2015-12-01,3475,328
11,1,2016-01-01,3482,347
11,1,2016-02-01,3488,372
11,1,2016-03-01,3495,338
11,1,2016-04-01,3502,336
11,1,2016-05-01,3509,333
11,1,2016-06-01,3516,301
11,1,2016-07-01,3522,322
11,1,2016-08-01,3529,333
11,1,2016-09-01,3536,357
11,1,2016-10-01,3543,335
11,1,2016-11-01,3550,346
11,1,2016-12-01,3556,344
11,1,2017-01-01,3563,335
11,1,2017-02-01,3570,363
11,1,2017-03-01,3577,330
11,1,2017-04-01,3584,331
11,1,2017-05-01,3590,341
11,1,2017-06-01,3597,299
11,1,2017-07-01,3604,318
11,1,2017-08-01,3611,309
11,1,2017-09-01,3618,323
11,1,2017-10-01,3624,347
11,1,2017-11-01,3631,360
11,1,2017-12-01,3638,364
11,1,2018-01-01,3645,327
11,1,2018-02-01,3652,323
11,1,2018-03-01,3658,288
11,1,2018-04-01,3665,296
11,1,2018-05-01,3672,312
11,1,2018-06-01,3679,296
11,1,2018-07-01,3686,274
11,1,2018-08-01,3692,302
11,1,2018-09-01,3699,276
11,1,2018-10-01,3706,290
11,1,2018-11-01,3713,315
11,1,2018-12-01,3720,290
11,1,2019-01-01,3726,294
11,1,2019-02-01,3733,298
11,1,2019-03-01,3740,282
11,1,2019-04-01,3747,303
11,1,2019-05-01,3754,277
11,1,2019-06-01,3760,282
11,1,2019-07-01,3767,307
11,1,2019-08-01,3774,287
11,1,2019-09-01,3781,292
11,1,2019-10-01,3788,272
11,1,2019-11-01,3794,272
11,1,2019-12-01,3801,277
12,1,2015-01-01,5500,517
12,1,2015-02-01,5511,569
12,1,2015-03-01,5522,569
12,1,2015-04-01,5533,537
12,1,2015-05-01,5544,547
12,1,2015-06-01,5555,528
12,1,2015-07-01,5566,553
12,1,2015-08-01,5577,556
12,1,2015-09-01,5588,582
12,1,2015-10-01,5599,542
12,1,2015-11-01,5610,540
12,1,2015-12-01,5621,548
12,1,2016-01-01,5632,522
12,1,2016-02-01,5643,585
12,1,2016-03-01,5654,556
12,1,2016-04-01,5665,594
12,1,2016-05-01,5676,508
12,1,2016-06-01,5687,542
12,1,2016-07-01,5698,524
12,1,2016-08-01,5709,532
12,1,2016-09-01,5720,486
12,1,2016-10-01,5731,511
12,1,2016-11-01,5742,509
12,1,2016-12-01,5753,536
12,1,2017-01-01,5764,502
12,1,2017-02-01,5775,531
12,1,2017-03-01,5786,594
12,1,2017-04-01,5797,513
12,1,2017-05-01,5808,556
12,1,2017-06-01,5819,582
12,1,2017-07-01,5830,511
12,1,2017-08-01,5841,504
12,1,2017-09-01,5852,483
12,1,2017-10-01,5863,523
12,1,2017-11-01,5874,595
12,1,2017-12-01,5885,502
12,1,2018-01-01,5896,478
12,1,2018-02-01,5907,462
12,1,2018-03-01,5918,513
12,1,2018-04-01,5929,489
12,1,2018-05-01,5940,511
12,1,2018-06-01,5951,462
12,1,2018-07-01,5962,463
12,1,2018-08-01,5973,439
12,1,2018-09-01,5984,469
12,1,2018-10-01,5995,489
12,1,2018-11-01,6006,462
12,1,2018-12-01,6017,472
12,1,2019-01-01,6028,460
12,1,2019-02-01,6039,493
12,1,2019-03-01,6050,483
12,1,2019-04-01,6061,454
12,1,2019-05-01,6072,494
12,1,2019-06-01,6083,466
12,1,2019-07-01,6094,437
12,1,2019-08-01,6105,475
12,1,2019-09-01,6116,439
12,1,2019-10-01,6127,431
12,1,2019-11-01,6138,427
12,1,2019-12-01,6149,462
13,1,2015-01-01,5000,509
13,1,2015-02-01,5010,481
13,1,2015-03-01,5020,476
13,1,2015-04-01,5030,522
13,1,2015-05-01,5040,505
13,1,2015-06-01,5050,491
13,1,2015-07-01,5060,418
13,1,2015-08-01,5070,450
13,1,2015-09-01,5080,475
13,1,2015-10-01,5090,486
13,1,2015-11-01,5100,486
13,1,2015-12-01,5110,486
13,1,2016-01-01,5120,499
13,1,2016-02-01,5130,447
13,1,2016-03-01,5140,486
13,1,2016-04-01,5150,478
13,1,2016-05-01,5160,434
13,1,2016-06-01,5170,489
13,1,2016-07-01,5180,488
13,1,2016-08-01,5190,449
13,1,2016-09-01,5200,454
13,1,2016-10-01,5210,432
13,1,2016-11-01,5220,497
13,1,2016-12-01,5230,529
13,1,2017-01-01,5240,477
13,1,2017-02-01,5250,495
13,1,2017-03-01,5260,494
13,1,2017-04-01,5270,480
13,1,2017-05-01,5280,478
13,1,2017-06-01,5290,459
13,1,2017-07-01,5300,501
13,1,2017-08-01,5310,471
13,1,2017-09-01,5320,496
13,1,2017-10-01,5330,451
13,1,2017-11-01,5340,422
13,1,2017-12-01,5350,477
13,1,2018-01-01,5360,433
13,1,2018-02-01,5370,431
13,1,2018-03-01,5380,428
13,1,2018-04-01,5390,411
13,1,2018-05-01,5400,418
13,1,2018-06-01,5410,376
13,1,2018-07-01,5420,422
13,1,2018-08-01,5430,427
13,1,2018-09-01,5440,391
13,1,2018-10-01,5450,447
13,1,2018-11-01,5460,400
13,1,2018-12-01,5470,399
13,1,2019-01-01,5480,391
13,1,2019-02-01,5490,453
13,1,2019-03-01,5500,412
13,1,2019-04-01,5510,436
13,1,2019-05-01,5520,376
13,1,2019-06-01,5530,425
13,1,2019-07-01,5540,412
13,1,2019-08-01,5550,393
13,1,2019-09-01,5560,390
13,1,2019-10-01,5570,406
13,1,2019-11-01,5580,413
13,1,2019-12-01,5590,404
14,1,2015-01-01,5900,601
14,1,2015-02-01,5912,587
14,1,2015-03-01,5924,624
14,1,2015-04-01,5935,585
14,1,2015-05-01,5947,564
14,1,2015-06-01,5959,633
14,1,2015-07-01,5971,630
14,1,2015-08-01,5983,648
14,1,2015-09-01,5994,592
14,1,2015-10-01,6006,632
14,1,2015-11-01,6018,600
14,1,2015-12-01,6030,579
14,1,2016-01-01,6042,637
14,1,2016-02-01,6053,655
14,1,2016-03-01,6065,561
14,1,2016-04-01,6077,596
14,1,2016-05-01,6089,588
14,1,2016-06-01,6101,613
14,1,2016-07-01,6112,578
14,1,2016-08-01,6124,688
14,1,2016-09-01,6136,633
14,1,2016-10-01,6148,609
14,1,2016-11-01,6160,581
14,1,2016-12-01,6171,630
14,1,2017-01-01,6183,666
14,1,2017-02-01,6195,652
14,1,2017-03-01,6207,623
14,1,2017-04-01,6219,567
14,1,2017-05-01,6230,617
14,1,2017-06-01,6242,638
14,1,2017-07-01,6254,593
14,1,2017-08-01,6266,622
14,1,2017-09-01,6278,579
14,1,2017-10-01,6289,626
14,1,2017-11-01,6301,608
14,1,2017-12-01,6313,582
14,1,2018-01-01,6325,583
14,1,2018-02-01,6337,554
14,1,2018-03-01,6348,571
14,1,2018-04-01,6360,492
14,1,2018-05-01,6372,556
14,1,2018-06-01,6384,563
14,1,2018-07-01,6396,513
14,1,2018-08-01,6407,522
14,1,2018-09-01,6419,531
14,1,2018-10-01,6431,527
14,1,2018-11-01,6443,530
14,1,2018-12-01,6455,538
14,1,2019-01-01,6466,561
14,1,2019-02-01,6478,550
14,1,2019-03-01,6490,549
14,1,2019-04-01,6502,489
14,1,2019-05-01,6514,542
14,1,2019-06-01,6525,533
14,1,2019-07-01,6537,501
14,1,2019-08-01,6549,530
14,1,2019-09-01,6561,531
14,1,2019-10-01,6573,523
14,1,2019-11-01,6584,507
14,1,2019-12-01,6596,480
15,1,2015-01-01,12000,1119
15,1,2015-02-01,12024,1094
15,1,2015-03-01,12048,1123
15,1,2015-04-01,12072,977
15,1,2015-05-01,12096,1076
15,1,2015-06-01,12120,1039
15,1,2015-07-01,12144,1101
15,1,2015-08-01,12168,1073
15,1,2015-09-01,12192,1087
15,1,2015-10-01,12216,1132
15,1,2015-11-01,12240,1091
15,1,2015-12-01,12264,1157
15,1,2016-01-01,12288,1047
15,1,2016-02-01,12312,1030
15,1,2016-03-01,12336,1072
15,1,2016-04-01,12360,1004
15,1,2016-05-01,12384,1102
15,1,2016-06-01,12408,1034
15,1,2016-07-01,12432,1000
15,1,2016-08-01,12456,1009
15,1,2016-09-01,12480,1081
15,1,2016-10-01,12504,1100
15,1,2016-11-01,12528,1088
15,1,2016-12-01,12552,1076
15,1,2017-01-01,12576,1073
15,1,2017-02-01,12600,1153
15,1,2017-03-01,12624,1111
15,1,2017-04-01,12648,1067
15,1,2017-05-01,12672,1027
15,1,2017-06-01,12696,1072
15,1,2017-07-01,12720,991
15,1,2017-08-01,12744,1032
15,1,2017-09-01,12768,1013
15,1,2017-10-01,12792,1114
15,1,2017-11-01,12816,1061
15,1,2017-12-01,12840,1068
15,1,2018-01-01,12864,1019
15,1,2018-02-01,12888,890
15,1,2018-03-01,12912,925
15,1,2018-04-01,12936,919
15,1,2018-05-01,12960,936
15,1,2018-06-01,12984,940
15,1,2018-07-01,13008,867
15,1,2018-08-01,13032,936
15,1,2018-09-01,13056,910
15,1,2018-10-01,13080,843
15,1,2018-11-01,13104,910
15,1,2018-12-01,13128,930
15,1,2019-01-01,13152,867
15,1,2019-02-01,13176,882
15,1,2019-03-01,13200,895
15,1,2019-04-01,13224,1001
15,1,2019-05-01,13248,897
15,1,2019-06-01,13272,815
15,1,2019-07-01,13296,834
15,1,2019-08-01,13320,854
15,1,2019-09-01,13344,843
15,1,2019-10-01,13368,881
15,1,2019-11-01,13392,860
15,1,2019-12-01,13416,847
16,1,2015-01-01,7000,743
16,1,2015-02-01,7014,695
16,1,2015-03-01,7028,685
16,1,2015-04-01,7042,713
16,1,2015-05-01,7056,693
16,1,2015-06-01,7070,730
16,1,2015-07-01,7084,698
16,1,2015-08-01,7098,740
16,1,2015-09-01,7112,706
16,1,2015-10-01,7126,724
16,1,2015-11-01,7140,695
16,1,2015-12-01,7154,725
16,1,2016-01-01,7168,689
16,1,2016-02-01,7182,714
16,1,2016-03-01,7196,708
16,1,2016-04-01,7210,677
16,1,2016-05-01,7224,709
16,1,2016-06-01,7238,705
16,1,2016-07-01,7252,645
16,1,2016-08-01,7266,688
16,1,2016-09-01,7280,722
16,1,2016-10-01,7294,689
16,1,2016-11-01,7308,694
16,1,2016-12-01,7322,666
16,1,2017-01-01,7336,701
16,1,2017-02-01,7350,639
16,1,2017-03-01,7364,657
16,1,2017-04-01,7378,705
16,1,2017-05-01,7392,658
16,1,2017-06-01,7406,695
16,1,2017-07-01,7420,655
16,1,2017-08-01,7434,655
16,1,2017-09-01,7448,640
16,1,2017-10-01,7462,615
16,1,2017-11-01,7476,642
16,1,2017-12-01,7490,697
16,1,2018-01-01,7504,634
16,1,2018-02-01,7518,654
16,1,2018-03-01,7532,633
16,1,2018-04-01,7546,637
16,1,2018-05-01,7560,648
16,1,2018-06-01,7574,586
16,1,2018-07-01,7588,655
16,1,2018-08-01,7602,612
16,1,2018-09-01,7616,590
16,1,2018-10-01,7630,567
16,1,2018-11-01,7644,573
16,1,2018-12-01,7658,604
16,1,2019-01-01,7672,605
16,1,2019-02-01,7686,596
16,1,2019-03-01,7700,588
16,1,2019-04-01,7714,579
16,1,2019-05-01,7728,617
16,1,2019-06-01,7742,581
16,1,2019-07-01,7756,618
16,1,2019-08-01,7770,597
16,1,2019-09-01,7784,552
16,1,2019-10-01,7798,599
16,1,2019-11-01,7812,600
16,1,2019-12-01,7826,548
17,1,2015-01-01,12100,1225
17,1,2015-02-01,12124,1185
17,1,2015-03-01,12148,1239
17,1,2015-04-01,12173,1228
17,1,2015-05-01,12197,1209
17,1,2015-06-01,12221,1213
17,1,2015-07-01,12245,1199
17,1,2015-08-01,12269,1201
17,1,2015-09-01,12294,1190
17,1,2015-10-01,12318,1296
17,1,2015-11-01,12342,1294
17,1,2015-12-01,12366,1265
17,1,2016-01-01,12390,1143
17,1,2016-02-01,12415,1213
17,1,2016-03-01,12439,1190
17,1,2016-04-01,12463,1234
17,1,2016-05-01,12487,1138
17,1,2016-06-01,12511,1232
17,1,2016-07-01,12536,1242
17,1,2016-08-01,12560,1111
17,1,2016-09-01,12584,1247
17,1,2016-10-01,12608,1183
17,1,2016-11-01,12632,1220
17,1,2016-12-01,12657,1218
17,1,2017-01-01,12681,1202
17,1,2017-02-01,12705,1197
17,1,2017-03-01,12729,1281
17,1,2017-04-01,12753,1264
17,1,2017-05-01,12778,1212
17,1,2017-06-01,12802,1232
17,1,2017-07-01,12826,1169
17,1,2017-08-01,12850,1206
17,1,2017-09-01,12874,1203
17,1,2017-10-01,12899,1177
17,1,2017-11-01,12923,1217
17,1,2017-12-01,12947,1201
17,1,2018-01-01,12971,1141
17,1,2018-02-01,12995,1095
17,1,2018-03-01,13020,1203
17,1,2018-04-01,13044,971
17,1,2018-05-01,13068,1052
17,1,2018-06-01,13092,996
17,1,2018-07-01,13116,1016
17,1,2018-08-01,13141,1105
17,1,2018-09-01,13165,1084
17,1,2018-10-01,13189,1004
17,1,2018-11-01,13213,1099
17,1,2018-12-01,13237,1136
17,1,2019-01-01,13262,1133
17,1,2019-02-01,13286,1082
17,1,2019-03-01,13310,1022
17,1,2019-04-01,13334,1076
17,1,2019-05-01,13358,998
17,1,2019-06-01,13383,1077
17,1,2019-07-01,13407,1047
17,1,2019-08-01,13431,963
17,1,2019-09-01,13455,949
17,1,2019-10-01,13479,950
17,1,2019-11-01,13504,978
17,1,2019-12-01,13528,1023
18,1,2015-01-01,8200,931
18,1,2015-02-01,8216,855
18,1,2015-03-01,8233,854
18,1,2015-04-01,8249,855
18,1,2015-05-01,8266,853
18,1,2015-06-01,8282,888
18,1,2015-07-01,8298,823
18,1,2015-08-01,8315,906
18,1,2015-09-01,8331,934
18,1,2015-10-01,8348,900
18,1,2015-11-01,8364,808
18,1,2015-12-01,8380,837
18,1,2016-01-01,8397,843
18,1,2016-02-01,8413,815
18,1,2016-03-01,8430,835
18,1,2016-04-01,8446,893
18,1,2016-05-01,8462,839
18,1,2016-06-01,8479,923
18,1,2016-07-01,8495,839
18,1,2016-08-01,8512,856
18,1,2016-09-01,8528,933
18,1,2016-10-01,8544,895
18,1,2016-11-01,8561,814
18,1,2016-12-01,8577,895
18,1,2017-01-01,8594,916
18,1,2017-02-01,8610,829
18,1,2017-03-01,8626,903
18,1,2017-04-01,8643,903
18,1,2017-05-01,8659,912
18,1,2017-06-01,8676,861
18,1,2017-07-01,8692,911
18,1,2017-08-01,8708,841
18,1,2017-09-01,8725,818
18,1,2017-10-01,8741,927
18,1,2017-11-01,8758,881
18,1,2017-12-01,8774,948
18,1,2018-01-01,8790,847
18,1,2018-02-01,8807,824
18,1,2018-03-01,8823,760
18,1,2018-04-01,8840,832
18,1,2018-05-01,8856,805
18,1,2018-06-01,8872,782
18,1,2018-07-01,8889,812
18,1,2018-08-01,8905,812
18,1,2018-09-01,8922,732
18,1,2018-10-01,8938,756
18,1,2018-11-01,8954,730
18,1,2018-12-01,8971,741
18,1,2019-01-01,8987,804
18,1,2019-02-01,9004,801
18,1,2019-03-01,9020,800
18,1,2019-04-01,9036,787
18,1,2019-05-01,9053,764
18,1,2019-06-01,9069,759
18,1,2019-07-01,9086,755
18,1,2019-08-01,9102,744
18,1,2019-09-01,9118,741
18,1,2019-10-01,9135,748
18,1,2019-11-01,9151,690
18,1,2019-12-01,9168,751
19,1,2015-01-01,13800,1363
19,1,2015-02-01,13828,1327
19,1,2015-03-01,13855,1410
19,1,2015-04-01,13883,1332
19,1,2015-05-01,13910,1404
19,1,2015-06-01,13938,1401
19,1,2015-07-01,13966,1421
19,1,2015-08-01,13993,1326
19,1,2015-09-01,14021,1411
19,1,2015-10-01,14048,1327
19,1,2015-11-01,14076,1320
19,1,2015-12-01,14104,1368
19,1,2016-01-01,14131,1293
19,1,2016-02-01,14159,1357
19,1,2016-03-01,14186,1344
19,1,2016-04-01,14214,1313
19,1,2016-05-01,14242,1334
19,1,2016-06-01,14269,1274
19,1,2016-07-01,14297,1270
19,1,2016-08-01,14324,1412
19,1,2016-09-01,14352,1344
19,1,2016-10-01,14380,1327
19,1,2016-11-01,14407,1317
19,1,2016-12-01,14435,1434
19,1,2017-01-01,14462,1331
19,1,2017-02-01,14490,1349
19,1,2017-03-01,14518,1444
19,1,2017-04-01,14545,1312
19,1,2017-05-01,14573,1409
19,1,2017-06-01,14600,1260
19,1,2017-07-01,14628,1240
19,1,2017-08-01,14656,1281
19,1,2017-09-01,14683,1260
19,1,2017-10-01,14711,1324
19,1,2017-11-01,14738,1317
19,1,2017-12-01,14766,1377
19,1,2018-01-01,14794,1232
19,1,2018-02-01,14821,1242
19,1,2018-03-01,14849,1198
19,1,2018-04-01,14876,1236
19,1,2018-05-01,14904,1177
19,1,2018-06-01,14932,1198
19,1,2018-07-01,14959,1147
19,1,2018-08-01,14987,1083
19,1,2018-09-01,15014,1135
19,1,2018-10-01,15042,1151
19,1,2018-11-01,15070,1173
19,1,2018-12-01,15097,1116
19,1,2019-01-01,15125,1193
19,1,2019-02-01,15152,1266
19,1,2019-03-01,15180,1215
19,1,2019-04-01,15208,1160
19,1,2019-05-01,15235,1138
19,1,2019-06-01,15263,1158
19,1,2019-07-01,15290,1146
19,1,2019-08-01,15318,1056
19,1,2019-09-01,15346,1112
19,1,2019-10-01,15373,1053
19,1,2019-11-01,15401,1118
19,1,2019-12-01,15428,1170
20,1,2015-01-01,17800,1682
20,1,2015-02-01,17836,1674
20,1,2015-03-01,17871,1666
20,1,2015-04-01,17907,1580
20,1,2015-05-01,17942,1640
20,1,2015-06-01,17978,1717
20,1,2015-07-01,18014,1656
20,1,2015-08-01,18049,1710
20,1,2015-09-01,18085,1641
20,1,2015-10-01,18120,1752
20,1,2015-11-01,18156,1703
20,1,2015-12-01,18192,1665
20,1,2016-01-01,18227,1644
20,1,2016-02-01,18263,1655
20,1,2016-03-01,18298,1711
20,1,2016-04-01,18334,1691
20,1,2016-05-01,18370,1769
20,1,2016-06-01,18405,1652
20,1,2016-07-01,18441,1691
20,1,2016-08-01,18476,1717
20,1,2016-09-01,18512,1714
20,1,2016-10-01,18548,1642
20,1,2016-11-01,18583,1617
20,1,2016-12-01,18619,1723
20,1,2017-01-01,18654,1749
20,1,2017-02-01,18690,1677
20,1,2017-03-01,18726,1570
20,1,2017-04-01,18761,1655
20,1,2017-05-01,18797,1686
20,1,2017-06-01,18832,1649
20,1,2017-07-01,18868,1615
20,1,2017-08-01,18904,1582
20,1,2017-09-01,18939,1692
20,1,2017-10-01,18975,1628
20,1,2017-11-01,19010,1669
20,1,2017-12-01,19046,1663
20,1,2018-01-01,19082,1434
20,1,2018-02-01,19117,1433
20,1,2018-03-01,19153,1390
20,1,2018-04-01,19188,1508
20,1,2018-05-01,19224,1518
20,1,2018-06-01,19260,1398
20,1,2018-07-01,19295,1428
20,1,2018-08-01,19331,1366
20,1,2018-09-01,19366,1461
20,1,2018-10-01,19402,1430
20,1,2018-11-01,19438,1502
20,1,2018-12-01,19473,1492
20,1,2019-01-01,19509,1349
20,1,2019-02-01,19544,1436
20,1,2019-03-01,19580,1376
20,1,2019-04-01,19616,1374
20,1,2019-05-01,19651,1372
20,1,2019-06-01,19687,1427
20,1,2019-07-01,19722,1418
20,1,2019-08-01,19758,1331
20,1,2019-09-01,19794,1338
20,1,2019-10-01,19829,1323
20,1,2019-11-01,19865,1305
20,1,2019-12-01,19900,1343
21,0,2015-01-01,12200,1039
21,0,2015-02-01,12224,1053
21,0,2015-03-01,12249,1073
21,0,2015-04-01,12273,1054
21,0,2015-05-01,12298,1018
21,0,2015-06-01,12322,994
21,0,2015-07-01,12346,992
21,0,2015-08-01,12371,984
21,0,2015-09-01,12395,1021
21,0,2015-10-01,12420,1039
21,0,2015-11-01,12444,956
21,0,2015-12-01,12468,1029
21,0,2016-01-01,12493,1001
21,0,2016-02-01,12517,966
21,0,2016-03-01,12542,1053
21,0,2016-04-01,12566,1045
21,0,2016-05-01,12590,1009
21,0,2016-06-01,12615,980
21,0,2016-07-01,12639,950
21,0,2016-08-01,12664,986
21,0,2016-09-01,12688,1041
21,0,2016-10-01,12712,1039
21,0,2016-11-01,12737,1056
21,0,2016-12-01,12761,1094
21,0,2017-01-01,12786,1067
21,0,2017-02-01,12810,999
21,0,2017-03-01,12834,1043
21,0,2017-04-01,12859,1007
21,0,2017-05-01,12883,990
21,0,2017-06-01,12908,990
21,0,2017-07-01,12932,983
21,0,2017-08-01,12956,961
21,0,2017-09-01,12981,972
21,0,2017-10-01,13005,975
21,0,2017-11-01,13030,959
21,0,2017-12-01,13054,1067
21,0,2018-01-01,13078,971
21,0,2018-02-01,13103,914
21,0,2018-03-01,13127,935
21,0,2018-04-01,13152,917
21,0,2018-05-01,13176,903
21,0,2018-06-01,13200,925
21,0,2018-07-01,13225,861
21,0,2018-08-01,13249,954
21,0,2018-09-01,13274,970
21,0,2018-10-01,13298,912
21,0,2018-11-01,13322,937
21,0,2018-12-01,13347,890
21,0,2019-01-01,13371,925
21,0,2019-02-01,13396,909
21,0,2019-03-01,13420,954
21,0,2019-04-01,13444,869
21,0,2019-05-01,13469,862
21,0,2019-06-01,13493,906
21,0,2019-07-01,13518,898
21,0,2019-08-01,13542,909
21,0,2019-09-01,13566,871
21,0,2019-10-01,13591,913
21,0,2019-11-01,13615,944
21,0,2019-12-01,13640,924
22,0,2015-01-01,7600,679
22,0,2015-02-01,7615,659
22,0,2015-03-01,7630,647
22,0,2015-04-01,7646,634
22,0,2015-05-01,7661,636
22,0,2015-06-01,7676,654
22,0,2015-07-01,7691,591
22,0,2015-08-01,7706,629
22,0,2015-09-01,7722,693
22,0,2015-10-01,7737,624
22,0,2015-11-01,7752,650
22,0,2015-12-01,7767,639
22,0,2016-01-01,7782,642
22,0,2016-02-01,7798,559
22,0,2016-03-01,7813,691
22,0,2016-04-01,7828,617
22,0,2016-05-01,7843,618
22,0,2016-06-01,7858,598
22,0,2016-07-01,7874,552
22,0,2016-08-01,7889,576
22,0,2016-09-01,7904,625
22,0,2016-10-01,7919,585
22,0,2016-11-01,7934,611
22,0,2016-12-01,7950,632
22,0,2017-01-01,7965,590
22,0,2017-02-01,7980,587
22,0,2017-03-01,7995,589
22,0,2017-04-01,8010,612
22,0,2017-05-01,8026,597
22,0,2017-06-01,8041,632
22,0,2017-07-01,8056,572
22,0,2017-08-01,8071,581
22,0,2017-09-01,8086,612
22,0,2017-10-01,8102,607
22,0,2017-11-01,8117,655
22,0,2017-12-01,8132,653
22,0,2018-01-01,8147,574
22,0,2018-02-01,8162,592
22,0,2018-03-01,8178,634
22,0,2018-04-01,8193,628
22,0,2018-05-01,8208,594
22,0,2018-06-01,8223,548
22,0,2018-07-01,8238,589
22,0,2018-08-01,8254,553
22,0,2018-09-01,8269,529
22,0,2018-10-01,8284,583
22,0,2018-11-01,8299,633
22,0,2018-12-01,8314,521
22,0,2019-01-01,8330,570
22,0,2019-02-01,8345,509
22,0,2019-03-01,8360,550
22,0,2019-04-01,8375,526
22,0,2019-05-01,8390,511
22,0,2019-06-01,8406,538
22,0,2019-07-01,8421,576
22,0,2019-08-01,8436,554
22,0,2019-09-01,8451,606
22,0,2019-10-01,8466,586
22,0,2019-11-01,8482,487
22,0,2019-12-01,8497,575
23,0,2015-01-01,14700,1086
23,0,2015-02-01,14729,1129
23,0,2015-03-01,14759,1145
23,0,2015-04-01,14788,1110
23,0,2015-05-01,14818,1134
23,0,2015-06-01,14847,1238
23,0,2015-07-01,14876,1102
23,0,2015-08-01,14906,1079
23,0,2015-09-01,14935,1137
23,0,2015-10-01,14965,1148
23,0,2015-11-01,14994,1158
23,0,2015-12-01,15023,1115
23,0,2016-01-01,15053,1104
23,0,2016-02-01,15082,1114
23,0,2016-03-01,15112,1126
23,0,2016-04-01,15141,1122
23,0,2016-05-01,15170,1145
23,0,2016-06-01,15200,1059
23,0,2016-07-01,15229,1038
23,0,2016-08-01,15259,982
23,0,2016-09-01,15288,1067
23,0,2016-10-01,15317,1195
23,0,2016-11-01,15347,1130
23,0,2016-12-01,15376,1162
23,0,2017-01-01,15406,1165
23,0,2017-02-01,15435,1119
23,0,2017-03-01,15464,1111
23,0,2017-04-01,15494,1150
23,0,2017-05-01,15523,1193
23,0,2017-06-01,15553,1166
23,0,2017-07-01,15582,1014
23,0,2017-08-01,15611,1084
23,0,2017-09-01,15641,997
23,0,2017-10-01,15670,1072
23,0,2017-11-01,15700,1070
23,0,2017-12-01,15729,1102
23,0,2018-01-01,15758,1134
23,0,2018-02-01,15788,1043
23,0,2018-03-01,15817,1091
23,0,2018-04-01,15847,1007
23,0,2018-05-01,15876,1019
23,0,2018-06-01,15905,1006
23,0,2018-07-01,15935,982
23,0,2018-08-01,15964,994
23,0,2018-09-01,15994,1023
23,0,2018-10-01,16023,1055
23,0,2018-11-01,16052,966
23,0,2018-12-01,16082,1023
23,0,2019-01-01,16111,1058
23,0,2019-02-01,16141,1090
23,0,2019-03-01,16170,1045
23,0,2019-04-01,16199,1023
23,0,2019-05-01,16229,999
23,0,2019-06-01,16258,1052
23,0,2019-07-01,16288,1020
23,0,2019-08-01,16317,975
23,0,2019-09-01,16346,1020
23,0,2019-10-01,16376,951
23,0,2019-11-01,16405,935
23,0,2019-12-01,16435,1023
24,0,2015-01-01,8300,696
24,0,2015-02-01,8317,672
24,0,2015-03-01,8333,697
24,0,2015-04-01,8350,665
24,0,2015-05-01,8366,690
24,0,2015-06-01,8383,705
24,0,2015-07-01,8400,685
24,0,2015-08-01,8416,630
24,0,2015-09-01,8433,675
24,0,2015-10-01,8449,717
24,0,2015-11-01,8466,685
24,0,2015-12-01,8483,675
24,0,2016-01-01,8499,646
24,0,2016-02-01,8516,629
24,0,2016-03-01,8532,706
24,0,2016-04-01,8549,727
24,0,2016-05-01,8566,641
24,0,2016-06-01,8582,669
24,0,2016-07-01,8599,624
24,0,2016-08-01,8615,675
24,0,2016-09-01,8632,683
24,0,2016-10-01,8649,650
24,0,2016-11-01,8665,645
24,0,2016-12-01,8682,675
24,0,2017-01-01,8698,698
24,0,2017-02-01,8715,638
24,0,2017-03-01,8732,695
24,0,2017-04-01,8748,662
24,0,2017-05-01,8765,651
24,0,2017-06-01,8781,661
24,0,2017-07-01,8798,665
24,0,2017-08-01,8815,643
24,0,2017-09-01,8831,677
24,0,2017-10-01,8848,670
24,0,2017-11-01,8864,634
24,0,2017-12-01,8881,630
24,0,2018-01-01,8898,689
24,0,2018-02-01,8914,647
24,0,2018-03-01,8931,632
24,0,2018-04-01,8947,677
24,0,2018-05-01,8964,640
24,0,2018-06-01,8981,608
24,0,2018-07-01,8997,597
24,0,2018-08-01,9014,548
24,0,2018-09-01,9030,648
24,0,2018-10-01,9047,710
24,0,2018-11-01,9064,639
24,0,2018-12-01,9080,597
24,0,2019-01-01,9097,584
24,0,2019-02-01,9113,612
24,0,2019-03-01,9130,613
24,0,2019-04-01,9147,571
24,0,2019-05-01,9163,568
24,0,2019-06-01,9180,574
24,0,2019-07-01,9196,600
24,0,2019-08-01,9213,581
24,0,2019-09-01,9230,582
24,0,2019-10-01,9246,589
24,0,2019-11-01,9263,543
24,0,2019-12-01,9279,620
25,0,2015-01-01,8600,798
25,0,2015-02-01,8617,848
25,0,2015-03-01,8634,820
25,0,2015-04-01,8652,814
25,0,2015-05-01,8669,802
25,0,2015-06-01,8686,774
25,0,2015-07-01,8703,804
25,0,2015-08-01,8720,821
25,0,2015-09-01,8738,894
25,0,2015-10-01,8755,832
25,0,2015-11-01,8772,837
25,0,2015-12-01,8789,805
25,0,2016-01-01,8806,782
25,0,2016-02-01,8824,782
25,0,2016-03-01,8841,766
25,0,2016-04-01,8858,793
25,0,2016-05-01,8875,833
25,0,2016-06-01,8892,814
25,0,2016-07-01,8910,783
25,0,2016-08-01,8927,828
25,0,2016-09-01,8944,829
25,0,2016-10-01,8961,714
25,0,2016-11-01,8978,765
25,0,2016-12-01,8996,749
25,0,2017-01-01,9013,713
25,0,2017-02-01,9030,753
25,0,2017-03-01,9047,776
25,0,2017-04-01,9064,834
25,0,2017-05-01,9082,824
25,0,2017-06-01,9099,831
25,0,2017-07-01,9116,808
25,0,2017-08-01,9133,789
25,0,2017-09-01,9150,801
25,0,2017-10-01,9168,780
25,0,2017-11-01,9185,835
25,0,2017-12-01,9202,849
25,0,2018-01-01,9219,801
25,0,2018-02-01,9236,783
25,0,2018-03-01,9254,759
25,0,2018-04-01,9271,775
25,0,2018-05-01,9288,780
25,0,2018-06-01,9305,725
25,0,2018-07-01,9322,729
25,0,2018-08-01,9340,763
25,0,2018-09-01,9357,776
25,0,2018-10-01,9374,764
25,0,2018-11-01,9391,784
25,0,2018-12-01,9408,768
25,0,2019-01-01,9426,773
25,0,2019-02-01,9443,759
25,0,2019-03-01,9460,743
25,0,2019-04-01,9477,749
25,0,2019-05-01,9494,767
25,0,2019-06-01,9512,774
25,0,2019-07-01,9529,781
25,0,2019-08-01,9546,759
25,0,2019-09-01,9563,803
25,0,2019-10-01,9580,744
25,0,2019-11-01,9598,750
25,0,2019-12-01,9615,788
26,0,2015-01-01,15300,1246
26,0,2015-02-01,15331,1232
26,0,2015-03-01,15361,1216
26,0,2015-04-01,15392,1252
26,0,2015-05-01,15422,1236
26,0,2015-06-01,15453,1325
26,0,2015-07-01,15484,1212
26,0,2015-08-01,15514,1206
26,0,2015-09-01,15545,1193
26,0,2015-10-01,15575,1149
26,0,2015-11-01,15606,1226
26,0,2015-12-01,15637,1208
26,0,2016-01-01,15667,1150
26,0,2016-02-01,15698,1274
26,0,2016-03-01,15728,1160
26,0,2016-04-01,15759,1233
26,0,2016-05-01,15790,1208
26,0,2016-06-01,15820,1155
26,0,2016-07-01,15851,1145
26,0,2016-08-01,15881,1125
26,0,2016-09-01,15912,1221
26,0,2016-10-01,15943,1162
26,0,2016-11-01,15973,1186
26,0,2016-12-01,16004,1205
26,0,2017-01-01,16034,1239
26,0,2017-02-01,16065,1219
26,0,2017-03-01,16096,1255
26,0,2017-04-01,16126,1196
26,0,2017-05-01,16157,1219
26,0,2017-06-01,16187,1190
26,0,2017-07-01,16218,1131
26,0,2017-08-01,16249,1111
26,0,2017-09-01,16279,1193
26,0,2017-10-01,16310,1175
26,0,2017-11-01,16340,1139
26,0,2017-12-01,16371,1172
26,0,2018-01-01,16402,1232
26,0,2018-02-01,16432,1159
26,0,2018-03-01,16463,1221
26,0,2018-04-01,16493,1109
26,0,2018-05-01,16524,1256
26,0,2018-06-01,16555,1018
26,0,2018-07-01,16585,1031
26,0,2018-08-01,16616,1081
26,0,2018-09-01,16646,1071
26,0,2018-10-01,16677,1091
26,0,2018-11-01,16708,1092
26,0,2018-12-01,16738,1083
26,0,2019-01-01,16769,1101
26,0,2019-02-01,16799,1197
26,0,2019-03-01,16830,1146
26,0,2019-04-01,16861,1065
26,0,2019-05-01,16891,1120
26,0,2019-06-01,16922,1148
26,0,2019-07-01,16952,1078
26,0,2019-08-01,16983,1057
26,0,2019-09-01,17014,1107
26,0,2019-10-01,17044,1100
26,0,2019-11-01,17075,1112
26,0,2019-12-01,17105,1082
27,0,2015-01-01,10700,877
27,0,2015-02-01,10721,858
27,0,2015-03-01,10743,887
27,0,2015-04-01,10764,983
27,0,2015-05-01,10786,895
27,0,2015-06-01,10807,842
27,0,2015-07-01,10828,929
27,0,2015-08-01,10850,834
27,0,2015-09-01,10871,899
27,0,2015-10-01,10893,857
27,0,2015-11-01,10914,884
27,0,2015-12-01,10935,900
27,0,2016-01-01,10957,812
27,0,2016-02-01,10978,853
27,0,2016-03-01,11000,896
27,0,2016-04-01,11021,847
27,0,2016-05-01,11042,915
27,0,2016-06-01,11064,852
27,0,2016-07-01,11085,871
27,0,2016-08-01,11107,825
27,0,2016-09-01,11128,854
27,0,2016-10-01,11149,938
27,0,2016-11-01,11171,940
27,0,2016-12-01,11192,896
27,0,2017-01-01,11214,876
27,0,2017-02-01,11235,826
27,0,2017-03-01,11256,858
27,0,2017-04-01,11278,917
27,0,2017-05-01,11299,879
27,0,2017-06-01,11321,854
27,0,2017-07-01,11342,842
27,0,2017-08-01,11363,887
27,0,2017-09-01,11385,840
27,0,2017-10-01,11406,838
27,0,2017-11-01,11428,887
27,0,2017-12-01,11449,885
27,0,2018-01-01,11470,862
27,0,2018-02-01,11492,843
27,0,2018-03-01,11513,864
27,0,2018-04-01,11535,825
27,0,2018-05-01,11556,850
27,0,2018-06-01,11577,750
27,0,2018-07-01,11599,794
27,0,2018-08-01,11620,838
27,0,2018-09-01,11642,813
27,0,2018-10-01,11663,796
27,0,2018-11-01,11684,857
27,0,2018-12-01,11706,842
27,0,2019-01-01,11727,839
27,0,2019-02-01,11749,851
27,0,2019-03-01,11770,740
27,0,2019-04-01,11791,742
27,0,2019-05-01,11813,766
27,0,2019-06-01,11834,758
27,0,2019-07-01,11856,764
27,0,2019-08-01,11877,803
27,0,2019-09-01,11898,765
27,0,2019-10-01,11920,815
27,0,2019-11-01,11941,779
27,0,2019-12-01,11963,737
28,0,2015-01-01,7800,642
28,0,2015-02-01,7816,631
28,0,2015-03-01,7831,685
28,0,2015-04-01,7847,631
28,0,2015-05-01,7862,657
28,0,2015-06-01,7878,681
28,0,2015-07-01,7894,583
28,0,2015-08-01,7909,629
28,0,2015-09-01,7925,600
28,0,2015-10-01,7940,600
28,0,2015-11-01,7956,643
28,0,2015-12-01,7972,627
28,0,2016-01-01,7987,613
28,0,2016-02-01,8003,624
28,0,2016-03-01,8018,654
28,0,2016-04-01,8034,653
28,0,2016-05-01,8050,656
28,0,2016-06-01,8065,571
28,0,2016-07-01,8081,644
28,0,2016-08-01,8096,642
28,0,2016-09-01,8112,646
28,0,2016-10-01,8128,646
28,0,2016-11-01,8143,587
28,0,2016-12-01,8159,597
28,0,2017-01-01,8174,624
28,0,2017-02-01,8190,570
28,0,2017-03-01,8206,617
28,0,2017-04-01,8221,598
28,0,2017-05-01,8237,587
28,0,2017-06-01,8252,617
28,0,2017-07-01,8268,617
28,0,2017-08-01,8284,573
28,0,2017-09-01,8299,559
28,0,2017-10-01,8315,572
28,0,2017-11-01,8330,627
28,0,2017-12-01,8346,596
28,0,2018-01-01,8362,606
28,0,2018-02-01,8377,587
28,0,2018-03-01,8393,632
28,0,2018-04-01,8408,587
28,0,2018-05-01,8424,584
28,0,2018-06-01,8440,579
28,0,2018-07-01,8455,584
28,0,2018-08-01,8471,579
28,0,2018-09-01,8486,566
28,0,2018-10-01,8502,539
28,0,2018-11-01,8518,612
28,0,2018-12-01,8533,523
28,0,2019-01-01,8549,542
28,0,2019-02-01,8564,548
28,0,2019-03-01,8580,548
28,0,2019-04-01,8596,518
28,0,2019-05-01,8611,594
28,0,2019-06-01,8627,610
28,0,2019-07-01,8642,573
28,0,2019-08-01,8658,552
28,0,2019-09-01,8674,562
28,0,2019-10-01,8689,531
28,0,2019-11-01,8705,525
28,0,2019-12-01,8720,520
29,0,2015-01-01,18300,1621
29,0,2015-02-01,18337,1673
29,0,2015-03-01,18373,1636
29,0,2015-04-01,18410,1666
29,0,2015-05-01,18446,1540
29,0,2015-06-01,18483,1681
29,0,2015-07-01,18520,1637
29,0,2015-08-01,18556,1661
29,0,2015-09-01,18593,1568
29,0,2015-10-01,18629,1522
29,0,2015-11-01,18666,1592
29,0,2015-12-01,18703,1662
29,0,2016-01-01,18739,1651
29,0,2016-02-01,18776,1553
29,0,2016-03-01,18812,1610
29,0,2016-04-01,18849,1669
29,0,2016-05-01,18886,1621
29,0,2016-06-01,18922,1608
29,0,2016-07-01,18959,1668
29,0,2016-08-01,18995,1678
29,0,2016-09-01,19032,1630
29,0,2016-10-01,19069,1618
29,0,2016-11-01,19105,1641
29,0,2016-12-01,19142,1662
29,0,2017-01-01,19178,1662
29,0,2017-02-01,19215,1632
29,0,2017-03-01,19252,1679
29,0,2017-04-01,19288,1653
29,0,2017-05-01,19325,1634
29,0,2017-06-01,19361,1668
29,0,2017-07-01,19398,1549
29,0,2017-08-01,19435,1575
29,0,2017-09-01,19471,1649
29,0,2017-10-01,19508,1611
29,0,2017-11-01,19544,1620
29,0,2017-12-01,19581,1633
29,0,2018-01-01,19618,1576
29,0,2018-02-01,19654,1494
29,0,2018-03-01,19691,1518
29,0,2018-04-01,19727,1526
29,0,2018-05-01,19764,1506
29,0,2018-06-01,19801,1490
29,0,2018-07-01,19837,1494
29,0,2018-08-01,19874,1423
29,0,2018-09-01,19910,1540
29,0,2018-10-01,19947,1567
29,0,2018-11-01,19984,1575
29,0,2018-12-01,20020,1539
29,0,2019-01-01,20057,1528
29,0,2019-02-01,20093,1482
29,0,2019-03-01,20130,1584
29,0,2019-04-01,20167,1457
29,0,2019-05-01,20203,1534
29,0,2019-06-01,20240,1509
29,0,2019-07-01,20276,1536
29,0,2019-08-01,20313,1447
29,0,2019-09-01,20350,1546
29,0,2019-10-01,20386,1603
29,0,2019-11-01,20423,1586
29,0,2019-12-01,20459,1514
30,0,2015-01-01,10300,952
30,0,2015-02-01,10321,874
30,0,2015-03-01,10341,916
30,0,2015-04-01,10362,920
30,0,2015-05-01,10382,884
30,0,2015-06-01,10403,924
30,0,2015-07-01,10424,820
30,0,2015-08-01,10444,933
30,0,2015-09-01,10465,924
30,0,2015-10-01,10485,941
30,0,2015-11-01,10506,875
30,0,2015-12-01,10527,895
30,0,2016-01-01,10547,886
30,0,2016-02-01,10568,920
30,0,2016-03-01,10588,914
30,0,2016-04-01,10609,891
30,0,2016-05-01,10630,881
30,0,2016-06-01,10650,819
30,0,2016-07-01,10671,845
30,0,2016-08-01,10691,880
30,0,2016-09-01,10712,886
30,0,2016-10-01,10733,853
30,0,2016-11-01,10753,852
30,0,2016-12-01,10774,916
30,0,2017-01-01,10794,854
30,0,2017-02-01,10815,851
30,0,2017-03-01,10836,895
30,0,2017-04-01,10856,901
30,0,2017-05-01,10877,856
30,0,2017-06-01,10897,891
30,0,2017-07-01,10918,818
30,0,2017-08-01,10939,866
30,0,2017-09-01,10959,806
30,0,2017-10-01,10980,836
30,0,2017-11-01,11000,811
30,0,2017-12-01,11021,892
30,0,2018-01-01,11042,837
30,0,2018-02-01,11062,871
30,0,2018-03-01,11083,811
30,0,2018-04-01,11103,740
30,0,2018-05-01,11124,860
30,0,2018-06-01,11145,816
30,0,2018-07-01,11165,834
30,0,2018-08-01,11186,879
30,0,2018-09-01,11206,792
30,0,2018-10-01,11227,877
30,0,2018-11-01,11248,871
30,0,2018-12-01,11268,804
30,0,2019-01-01,11289,858
30,0,2019-02-01,11309,799
30,0,2019-03-01,11330,836
30,0,2019-04-01,11351,833
30,0,2019-05-01,11371,765
30,0,2019-06-01,11392,804
30,0,2019-07-01,11412,795
30,0,2019-08-01,11433,745
30,0,2019-09-01,11454,848
30,0,2019-10-01,11474,823
30,0,2019-11-01,11495,773
30,0,2019-12-01,11515,833
31,0,2015-01-01,12600,982
31,0,2015-02-01,12625,1040
31,0,2015-03-01,12650,1032
31,0,2015-04-01,12676,995
31,0,2015-05-01,12701,959
31,0,2015-06-01,12726,1014
31,0,2015-07-01,12751,1001
31,0,2015-08-01,12776,992
31,0,2015-09-01,12802,969
31,0,2015-10-01,12827,1046
31,0,2015-11-01,12852,1070
31,0,2015-12-01,12877,965
31,0,2016-01-01,12902,995
31,0,2016-02-01,12928,984
31,0,2016-03-01,12953,1032
31,0,2016-04-01,12978,1017
31,0,2016-05-01,13003,988
31,0,2016-06-01,13028,959
31,0,2016-07-01,13054,956
31,0,2016-08-01,13079,933
31,0,2016-09-01,13104,993
31,0,2016-10-01,13129,979
31,0,2016-11-01,13154,1019
31,0,2016-12-01,13180,1050
31,0,2017-01-01,13205,984
31,0,2017-02-01,13230,986
31,0,2017-03-01,13255,940
31,0,2017-04-01,13280,972
31,0,2017-05-01,13306,1030
31,0,2017-06-01,13331,975
31,0,2017-07-01,13356,971
31,0,2017-08-01,13381,891
31,0,2017-09-01,13406,956
31,0,2017-10-01,13432,959
31,0,2017-11-01,13457,912
31,0,2017-12-01,13482,953
31,0,2018-01-01,13507,945
31,0,2018-02-01,13532,933
31,0,2018-03-01,13558,934
31,0,2018-04-01,13583,872
31,0,2018-05-01,13608,881
31,0,2018-06-01,13633,844
31,0,2018-07-01,13658,902
31,0,2018-08-01,13684,948
31,0,2018-09-01,13709,896
31,0,2018-10-01,13734,890
31,0,2018-11-01,13759,869
31,0,2018-12-01,13784,862
31,0,2019-01-01,13810,898
31,0,2019-02-01,13835,909
31,0,2019-03-01,13860,975
31,0,2019-04-01,13885,893
31,0,2019-05-01,13910,914
31,0,2019-06-01,13936,880
31,0,2019-07-01,13961,882
31,0,2019-08-01,13986,827
31,0,2019-09-01,14011,859
31,0,2019-10-01,14036,896
31,0,2019-11-01,14062,885
31,0,2019-12-01,14087,892
32,0,2015-01-01,6600,565
32,0,2015-02-01,6613,567
32,0,2015-03-01,6626,566
32,0,2015-04-01,6640,560
32,0,2015-05-01,6653,536
32,0,2015-06-01,6666,554
32,0,2015-07-01,6679,561
32,0,2015-08-01,6692,560
32,0,2015-09-01,6706,574
32,0,2015-10-01,6719,564
32,0,2015-11-01,6732,506
32,0,2015-12-01,6745,579
32,0,2016-01-01,6758,552
32,0,2016-02-01,6772,560
32,0,2016-03-01,6785,566
32,0,2016-04-01,6798,548
32,0,2016-05-01,6811,543
32,0,2016-06-01,6824,603
32,0,2016-07-01,6838,542
32,0,2016-08-01,6851,539
32,0,2016-09-01,6864,642
32,0,2016-10-01,6877,564
32,0,2016-11-01,6890,581
32,0,2016-12-01,6904,632
32,0,2017-01-01,6917,574
32,0,2017-02-01,6930,567
32,0,2017-03-01,6943,540
32,0,2017-04-01,6956,538
32,0,2017-05-01,6970,552
32,0,2017-06-01,6983,536
32,0,2017-07-01,6996,541
32,0,2017-08-01,7009,532
32,0,2017-09-01,7022,509
32,0,2017-10-01,7036,551
32,0,2017-11-01,7049,565
32,0,2017-12-01,7062,577
32,0,2018-01-01,7075,574
32,0,2018-02-01,7088,567
32,0,2018-03-01,7102,533
32,0,2018-04-01,7115,510
32,0,2018-05-01,7128,543
32,0,2018-06-01,7141,494
32,0,2018-07-01,7154,448
32,0,2018-08-01,7168,510
32,0,2018-09-01,7181,550
32,0,2018-10-01,7194,516
32,0,2018-11-01,7207,535
32,0,2018-12-01,7220,508
32,0,2019-01-01,7234,491
32,0,2019-02-01,7247,511
32,0,2019-03-01,7260,479
32,0,2019-04-01,7273,474
32,0,2019-05-01,7286,525
32,0,2019-06-01,7300,565
32,0,2019-07-01,7313,542
32,0,2019-08-01,7326,569
32,0,2019-09-01,7339,507
32,0,2019-10-01,7352,513
32,0,2019-11-01,7366,508
32,0,2019-12-01,7379,515
33,0,2015-01-01,15400,1332
33,0,2015-02-01,15431,1354
33,0,2015-03-01,15462,1386
33,0,2015-04-01,15492,1399
33,0,2015-05-01,15523,1382
33,0,2015-06-01,15554,1406
33,0,2015-07-01,15585,1353
33,0,2015-08-01,15616,1301
33,0,2015-09-01,15646,1408
33,0,2015-10-01,15677,1367
33,0,2015-11-01,15708,1385
33,0,2015-12-01,15739,1413
33,0,2016-01-01,15770,1364
33,0,2016-02-01,15800,1399
33,0,2016-03-01,15831,1415
33,0,2016-04-01,15862,1370
33,0,2016-05-01,15893,1379
33,0,2016-06-01,15924,1374
33,0,2016-07-01,15954,1355
33,0,2016-08-01,15985,1386
33,0,2016-09-01,16016,1334
33,0,2016-10-01,16047,1402
33,0,2016-11-01,16078,1390
33,0,2016-12-01,16108,1328
33,0,2017-01-01,16139,1467
33,0,2017-02-01,16170,1312
33,0,2017-03-01,16201,1382
33,0,2017-04-01,16232,1372
33,0,2017-05-01,16262,1406
33,0,2017-06-01,16293,1290
33,0,2017-07-01,16324,1286
33,0,2017-08-01,16355,1412
33,0,2017-09-01,16386,1305
33,0,2017-10-01,16416,1266
33,0,2017-11-01,16447,1363
33,0,2017-12-01,16478,1357
33,0,2018-01-01,16509,1323
33,0,2018-02-01,16540,1297
33,0,2018-03-01,16570,1347
33,0,2018-04-01,16601,1293
33,0,2018-05-01,16632,1329
33,0,2018-06-01,16663,1213
33,0,2018-07-01,16694,1202
33,0,2018-08-01,16724,1279
33,0,2018-09-01,16755,1234
33,0,2018-10-01,16786,1248
33,0,2018-11-01,16817,1258
33,0,2018-12-01,16848,1297
33,0,2019-01-01,16878,1317
33,0,2019-02-01,16909,1252
33,0,2019-03-01,16940,1330
33,0,2019-04-01,16971,1354
33,0,2019-05-01,17002,1242
33,0,2019-06-01,17032,1284
33,0,2019-07-01,17063,1310
33,0,2019-08-01,17094,1194
33,0,2019-09-01,17125,1239
33,0,2019-10-01,17156,1292
33,0,2019-11-01,17186,1251
33,0,2019-12-01,17217,1236
34,0,2015-01-01,6700,521
34,0,2015-02-01,6713,534
34,0,2015-03-01,6727,527
34,0,2015-04-01,6740,621
34,0,2015-05-01,6754,631
34,0,2015-06-01,6767,591
34,0,2015-07-01,6780,568
34,0,2015-08-01,6794,583
34,0,2015-09-01,6807,580
34,0,2015-10-01,6821,570
34,0,2015-11-01,6834,553
34,0,2015-12-01,6847,595
34,0,2016-01-01,6861,530
34,0,2016-02-01,6874,548
34,0,2016-03-01,6888,538
34,0,2016-04-01,6901,556
34,0,2016-05-01,6914,611
34,0,2016-06-01,6928,526
34,0,2016-07-01,6941,460
34,0,2016-08-01,6955,494
34,0,2016-09-01,6968,553
34,0,2016-10-01,6981,537
34,0,2016-11-01,6995,556
34,0,2016-12-01,7008,555
34,0,2017-01-01,7022,582
34,0,2017-02-01,7035,581
34,0,2017-03-01,7048,588
34,0,2017-04-01,7062,516
34,0,2017-05-01,7075,593
34,0,2017-06-01,7089,523
34,0,2017-07-01,7102,558
34,0,2017-08-01,7115,527
34,0,2017-09-01,7129,499
34,0,2017-10-01,7142,542
34,0,2017-11-01,7156,509
34,0,2017-12-01,7169,530
34,0,2018-01-01,7182,544
34,0,2018-02-01,7196,517
34,0,2018-03-01,7209,596
34,0,2018-04-01,7223,554
34,0,2018-05-01,7236,525
34,0,2018-06-01,7249,468
34,0,2018-07-01,7263,485
34,0,2018-08-01,7276,488
34,0,2018-09-01,7290,476
34,0,2018-10-01,7303,548
34,0,2018-11-01,7316,508
34,0,2018-12-01,7330,494
34,0,2019-01-01,7343,497
34,0,2019-02-01,7357,596
34,0,2019-03-01,7370,484
34,0,2019-04-01,7383,492
34,0,2019-05-01,7397,506
34,0,2019-06-01,7410,524
34,0,2019-07-01,7424,549
34,0,2019-08-01,7437,503
34,0,2019-09-01,7450,474
34,0,2019-10-01,7464,517
34,0,2019-11-01,7477,504
34,0,2019-12-01,7491,536
35,0,2015-01-01,6700,654
35,0,2015-02-01,6713,599
35,0,2015-03-01,6727,617
35,0,2015-04-01,6740,650
35,0,2015-05-01,6754,633
35,0,2015-06-01,6767,587
35,0,2015-07-01,6780,613
35,0,2015-08-01,6794,613
35,0,2015-09-01,6807,648
35,0,2015-10-01,6821,633
35,0,2015-11-01,6834,652
35,0,2015-12-01,6847,636
35,0,2016-01-01,6861,579
35,0,2016-02-01,6874,598
35,0,2016-03-01,6888,657
35,0,2016-04-01,6901,661
35,0,2016-05-01,6914,596
35,0,2016-06-01,6928,606
35,0,2016-07-01,6941,588
35,0,2016-08-01,6955,603
35,0,2016-09-01,6968,618
35,0,2016-10-01,6981,640
35,0,2016-11-01,6995,655
35,0,2016-12-01,7008,671
35,0,2017-01-01,7022,596
35,0,2017-02-01,7035,578
35,0,2017-03-01,7048,647
35,0,2017-04-01,7062,678
35,0,2017-05-01,7075,607
35,0,2017-06-01,7089,589
35,0,2017-07-01,7102,624
35,0,2017-08-01,7115,645
35,0,2017-09-01,7129,588
35,0,2017-10-01,7142,586
35,0,2017-11-01,7156,596
35,0,2017-12-01,7169,619
35,0,2018-01-01,7182,571
35,0,2018-02-01,7196,579
35,0,2018-03-01,7209,616
35,0,2018-04-01,7223,574
35,0,2018-05-01,7236,648
35,0,2018-06-01,7249,539
35,0,2018-07-01,7263,574
35,0,2018-08-01,7276,601
35,0,2018-09-01,7290,540
35,0,2018-10-01,7303,561
35,0,2018-11-01,7316,598
35,0,2018-12-01,7330,529
35,0,2019-01-01,7343,598
35,0,2019-02-01,7357,586
35,0,2019-03-01,7370,565
35,0,2019-04-01,7383,577
35,0,2019-05-01,7397,538
35,0,2019-06-01,7410,582
35,0,2019-07-01,7424,609
35,0,2019-08-01,7437,549
35,0,2019-09-01,7450,590
35,0,2019-10-01,7464,565
35,0,2019-11-01,7477,629
35,0,2019-12-01,7491,613
36,0,2015-01-01,10200,891
36,0,2015-02-01,10220,844
36,0,2015-03-01,10241,842
36,0,2015-04-01,10261,889
36,0,2015-05-01,10282,861
36,0,2015-06-01,10302,862
36,0,2015-07-01,10322,848
36,0,2015-08-01,10343,918
36,0,2015-09-01,10363,903
36,0,2015-10-01,10384,893
36,0,2015-11-01,10404,861
36,0,2015-12-01,10424,862
36,0,2016-01-01,10445,817
36,0,2016-02-01,10465,872
36,0,2016-03-01,10486,864
36,0,2016-04-01,10506,834
36,0,2016-05-01,10526,850
36,0,2016-06-01,10547,830
36,0,2016-07-01,10567,769
36,0,2016-08-01,10588,847
36,0,2016-09-01,10608,833
36,0,2016-10-01,10628,832
36,0,2016-11-01,10649,836
36,0,2016-12-01,10669,888
36,0,2017-01-01,10690,855
36,0,2017-02-01,10710,829
36,0,2017-03-01,10730,954
36,0,2017-04-01,10751,898
36,0,2017-05-01,10771,793
36,0,2017-06-01,10792,913
36,0,2017-07-01,10812,850
36,0,2017-08-01,10832,835
36,0,2017-09-01,10853,843
36,0,2017-10-01,10873,819
36,0,2017-11-01,10894,895
36,0,2017-12-01,10914,920
36,0,2018-01-01,10934,828
36,0,2018-02-01,10955,874
36,0,2018-03-01,10975,787
36,0,2018-04-01,10996,784
36,0,2018-05-01,11016,779
36,0,2018-06-01,11036,775
36,0,2018-07-01,11057,828
36,0,2018-08-01,11077,870
36,0,2018-09-01,11098,823
36,0,2018-10-01,11118,770
36,0,2018-11-01,11138,820
36,0,2018-12-01,11159,833
36,0,2019-01-01,11179,781
36,0,2019-02-01,11200,751
36,0,2019-03-01,11220,731
36,0,2019-04-01,11240,737
36,0,2019-05-01,11261,818
36,0,2019-06-01,11281,758
36,0,2019-07-01,11302,764
36,0,2019-08-01,11322,749
36,0,2019-09-01,11342,772
36,0,2019-10-01,11363,731
36,0,2019-11-01,11383,731
36,0,2019-12-01,11404,750
37,0,2015-01-01,16400,1427
37,0,2015-02-01,16433,1475
37,0,2015-03-01,16466,1493
37,0,2015-04-01,16498,1460
37,0,2015-05-01,16531,1508
37,0,2015-06-01,16564,1507
37,0,2015-07-01,16597,1469
37,0,2015-08-01,16630,1468
37,0,2015-09-01,16662,1446
37,0,2015-10-01,16695,1499
37,0,2015-11-01,16728,1469
37,0,2015-12-01,16761,1549
37,0,2016-01-01,16794,1476
37,0,2016-02-01,16826,1499
37,0,2016-03-01,16859,1538
37,0,2016-04-01,16892,1463
37,0,2016-05-01,16925,1492
37,0,2016-06-01,16958,1497
37,0,2016-07-01,16990,1426
37,0,2016-08-01,17023,1480
37,0,2016-09-01,17056,1469
37,0,2016-10-01,17089,1472
37,0,2016-11-01,17122,1402
37,0,2016-12-01,17154,1486
37,0,2017-01-01,17187,1542
37,0,2017-02-01,17220,1510
37,0,2017-03-01,17253,1615
37,0,2017-04-01,17286,1484
37,0,2017-05-01,17318,1543
37,0,2017-06-01,17351,1549
37,0,2017-07-01,17384,1470
37,0,2017-08-01,17417,1436
37,0,2017-09-01,17450,1441
37,0,2017-10-01,17482,1420
37,0,2017-11-01,17515,1518
37,0,2017-12-01,17548,1478
37,0,2018-01-01,17581,1447
37,0,2018-02-01,17614,1457
37,0,2018-03-01,17646,1413
37,0,2018-04-01,17679,1464
37,0,2018-05-01,17712,1400
37,0,2018-06-01,17745,1434
37,0,2018-07-01,17778,1358
37,0,2018-08-01,17810,1353
37,0,2018-09-01,17843,1395
37,0,2018-10-01,17876,1345
37,0,2018-11-01,17909,1402
37,0,2018-12-01,17942,1471
37,0,2019-01-01,17974,1454
37,0,2019-02-01,18007,1462
37,0,2019-03-01,18040,1388
37,0,2019-04-01,18073,1356
37,0,2019-05-01,18106,1426
37,0,2019-06-01,18138,1428
37,0,2019-07-01,18171,1420
37,0,2019-08-01,18204,1444
37,0,2019-09-01,18237,1334
37,0,2019-10-01,18270,1447
37,0,2019-11-01,18302,1395
37,0,2019-12-01,18335,1351
38,0,2015-01-01,10000,801
38,0,2015-02-01,10020,844
38,0,2015-03-01,10040,840
38,0,2015-04-01,10060,847
38,0,2015-05-01,10080,810
38,0,2015-06-01,10100,855
38,0,2015-07-01,10120,868
38,0,2015-08-01,10140,826
38,0,2015-09-01,10160,881
38,0,2015-10-01,10180,846
38,0,2015-11-01,10200,830
38,0,2015-12-01,10220,862
38,0,2016-01-01,10240,842
38,0,2016-02-01,10260,825
38,0,2016-03-01,10280,833
38,0,2016-04-01,10300,822
38,0,2016-05-01,10320,814
38,0,2016-06-01,10340,720
38,0,2016-07-01,10360,794
38,0,2016-08-01,10380,767
38,0,2016-09-01,10400,841
38,0,2016-10-01,10420,819
38,0,2016-11-01,10440,836
38,0,2016-12-01,10460,836
38,0,2017-01-01,10480,824
38,0,2017-02-01,10500,857
38,0,2017-03-01,10520,859
38,0,2017-04-01,10540,825
38,0,2017-05-01,10560,818
38,0,2017-06-01,10580,838
38,0,2017-07-01,10600,734
38,0,2017-08-01,10620,747
38,0,2017-09-01,10640,771
38,0,2017-10-01,10660,798
38,0,2017-11-01,10680,823
38,0,2017-12-01,10700,841
38,0,2018-01-01,10720,766
38,0,2018-02-01,10740,732
38,0,2018-03-01,10760,764
38,0,2018-04-01,10780,711
38,0,2018-05-01,10800,762
38,0,2018-06-01,10820,789
38,0,2018-07-01,10840,790
38,0,2018-08-01,10860,768
38,0,2018-09-01,10880,741
38,0,2018-10-01,10900,759
38,0,2018-11-01,10920,751
38,0,2018-12-01,10940,725
38,0,2019-01-01,10960,715
38,0,2019-02-01,10980,741
38,0,2019-03-01,11000,786
38,0,2019-04-01,11020,773
38,0,2019-05-01,11040,760
38,0,2019-06-01,11060,795
38,0,2019-07-01,11080,747
38,0,2019-08-01,11100,677
38,0,2019-09-01,11120,694
38,0,2019-10-01,11140,762
38,0,2019-11-01,11160,701
38,0,2019-12-01,11180,703
39,0,2015-01-01,19400,1681
39,0,2015-02-01,19439,1762
39,0,2015-03-01,19478,1710
39,0,2015-04-01,19516,1706
39,0,2015-05-01,19555,1779
39,0,2015-06-01,19594,1721
39,0,2015-07-01,19633,1659
39,0,2015-08-01,19672,1699
39,0,2015-09-01,19710,1800
39,0,2015-10-01,19749,1798
39,0,2015-11-01,19788,1760
39,0,2015-12-01,19827,1760
39,0,2016-01-01,19866,1800
39,0,2016-02-01,19904,1656
39,0,2016-03-01,19943,1735
39,0,2016-04-01,19982,1710
39,0,2016-05-01,20021,1650
39,0,2016-06-01,20060,1560
39,0,2016-07-01,20098,1614
39,0,2016-08-01,20137,1623
39,0,2016-09-01,20176,1675
39,0,2016-10-01,20215,1712
39,0,2016-11-01,20254,1665
39,0,2016-12-01,20292,1681
39,0,2017-01-01,20331,1722
39,0,2017-02-01,20370,1731
39,0,2017-03-01,20409,1686
39,0,2017-04-01,20448,1730
39,0,2017-05-01,20486,1791
39,0,2017-06-01,20525,1751
39,0,2017-07-01,20564,1672
39,0,2017-08-01,20603,1650
39,0,2017-09-01,20642,1743
39,0,2017-10-01,20680,1722
39,0,2017-11-01,20719,1742
39,0,2017-12-01,20758,1650
39,0,2018-01-01,20797,1713
39,0,2018-02-01,20836,1683
39,0,2018-03-01,20874,1688
39,0,2018-04-01,20913,1758
39,0,2018-05-01,20952,1681
39,0,2018-06-01,20991,1560
39,0,2018-07-01,21030,1544
39,0,2018-08-01,21068,1615
39,0,2018-09-01,21107,1598
39,0,2018-10-01,21146,1619
39,0,2018-11-01,21185,1675
39,0,2018-12-01,21224,1681
39,0,2019-01-01,21262,1677
39,0,2019-02-01,21301,1545
39,0,2019-03-01,21340,1625
39,0,2019-04-01,21379,1590
39,0,2019-05-01,21418,1559
39,0,2019-06-01,21456,1618
39,0,2019-07-01,21495,1568
39,0,2019-08-01,21534,1543
39,0,2019-09-01,21573,1658
39,0,2019-10-01,21612,1652
39,0,2019-11-01,21650,1560
39,0,2019-12-01,21689,1624
40,0,2015-01-01,7900,637
40,0,2015-02-01,7916,643
40,0,2015-03-01,7932,646
40,0,2015-04-01,7947,650
40,0,2015-05-01,7963,616
40,0,2015-06-01,7979,638
40,0,2015-07-01,7995,644
40,0,2015-08-01,8011,702
40,0,2015-09-01,8026,695
40,0,2015-10-01,8042,652
40,0,2015-11-01,8058,638
40,0,2015-12-01,8074,662
40,0,2016-01-01,8090,610
40,0,2016-02-01,8105,646
40,0,2016-03-01,8121,635
40,0,2016-04-01,8137,599
40,0,2016-05-01,8153,624
40,0,2016-06-01,8169,589
40,0,2016-07-01,8184,575
40,0,2016-08-01,8200,625
40,0,2016-09-01,8216,625
40,0,2016-10-01,8232,587
40,0,2016-11-01,8248,642
40,0,2016-12-01,8263,619
40,0,2017-01-01,8279,628
40,0,2017-02-01,8295,620
40,0,2017-03-01,8311,588
40,0,2017-04-01,8327,593
40,0,2017-05-01,8342,578
40,0,2017-06-01,8358,662
40,0,2017-07-01,8374,627
40,0,2017-08-01,8390,571
40,0,2017-09-01,8406,579
40,0,2017-10-01,8421,602
40,0,2017-11-01,8437,608
40,0,2017-12-01,8453,637
40,0,2018-01-01,8469,563
40,0,2018-02-01,8485,608
40,0,2018-03-01,8500,590
40,0,2018-04-01,8516,633
40,0,2018-05-01,8532,589
40,0,2018-06-01,8548,552
40,0,2018-07-01,8564,505
40,0,2018-08-01,8579,581
40,0,2018-09-01,8595,534
40,0,2018-10-01,8611,542
40,0,2018-11-01,8627,559
40,0,2018-12-01,8643,607
40,0,2019-01-01,8658,566
40,0,2019-02-01,8674,557
40,0,2019-03-01,8690,617
40,0,2019-04-01,8706,548
40,0,2019-05-01,8722,502
40,0,2019-06-01,8737,559
40,0,2019-07-01,8753,559
40,0,2019-08-01,8769,535
40,0,2019-09-01,8785,528
40,0,2019-10-01,8801,549
40,0,2019-11-01,8816,567
40,0,2019-12-01,8832,562
41,0,2015-01-01,6900,567
41,0,2015-02-01,6914,574
41,0,2015-03-01,6928,541
41,0,2015-04-01,6941,550
41,0,2015-05-01,6955,576
41,0,2015-06-01,6969,575
41,0,2015-07-01,6983,527
41,0,2015-08-01,6997,520
41,0,2015-09-01,7010,503
41,0,2015-10-01,7024,513
41,0,2015-11-01,7038,554
41,0,2015-12-01,7052,497
41,0,2016-01-01,7066,512
41,0,2016-02-01,7079,511
41,0,2016-03-01,7093,518
41,0,2016-04-01,7107,551
41,0,2016-05-01,7121,567
41,0,2016-06-01,7135,516
41,0,2016-07-01,7148,514
41,0,2016-08-01,7162,509
41,0,2016-09-01,7176,581
41,0,2016-10-01,7190,542
41,0,2016-11-01,7204,545
41,0,2016-12-01,7217,569
41,0,2017-01-01,7231,583
41,0,2017-02-01,7245,504
41,0,2017-03-01,7259,559
41,0,2017-04-01,7273,508
41,0,2017-05-01,7286,557
41,0,2017-06-01,7300,485
41,0,2017-07-01,7314,513
41,0,2017-08-01,7328,496
41,0,2017-09-01,7342,499
41,0,2017-10-01,7355,484
41,0,2017-11-01,7369,546
41,0,2017-12-01,7383,551
41,0,2018-01-01,7397,515
41,0,2018-02-01,7411,530
41,0,2018-03-01,7424,475
41,0,2018-04-01,7438,511
41,0,2018-05-01,7452,499
41,0,2018-06-01,7466,479
41,0,2018-07-01,7480,447
41,0,2018-08-01,7493,443
41,0,2018-09-01,7507,449
41,0,2018-10-01,7521,414
41,0,2018-11-01,7535,443
41,0,2018-12-01,7549,490
41,0,2019-01-01,7562,520
41,0,2019-02-01,7576,485
41,0,2019-03-01,7590,485
41,0,2019-04-01,7604,479
41,0,2019-05-01,7618,464
41,0,2019-06-01,7631,465
41,0,2019-07-01,7645,466
41,0,2019-08-01,7659,485
41,0,2019-09-01,7673,454
41,0,2019-10-01,7687,489
41,0,2019-11-01,7700,469
41,0,2019-12-01,7714,515
42,0,2015-01-01,5100,441
42,0,2015-02-01,5110,449
42,0,2015-03-01,5120,470
42,0,2015-04-01,5131,463
42,0,2015-05-01,5141,448
42,0,2015-06-01,5151,438
42,0,2015-07-01,5161,476
42,0,2015-08-01,5171,477
42,0,2015-09-01,5182,436
42,0,2015-10-01,5192,462
42,0,2015-11-01,5202,429
42,0,2015-12-01,5212,448
42,0,2016-01-01,5222,477
42,0,2016-02-01,5233,462
42,0,2016-03-01,5243,451
42,0,2016-04-01,5253,426
42,0,2016-05-01,5263,430
42,0,2016-06-01,5273,444
42,0,2016-07-01,5284,460
42,0,2016-08-01,5294,437
42,0,2016-09-01,5304,422
42,0,2016-10-01,5314,487
42,0,2016-11-01,5324,470
42,0,2016-12-01,5335,452
42,0,2017-01-01,5345,480
42,0,2017-02-01,5355,448
42,0,2017-03-01,5365,450
42,0,2017-04-01,5375,476
42,0,2017-05-01,5386,465
42,0,2017-06-01,5396,438
42,0,2017-07-01,5406,402
42,0,2017-08-01,5416,414
42,0,2017-09-01,5426,474
42,0,2017-10-01,5437,403
42,0,2017-11-01,5447,432
42,0,2017-12-01,5457,425
42,0,2018-01-01,5467,429
42,0,2018-02-01,5477,397
42,0,2018-03-01,5488,446
42,0,2018-04-01,5498,452
42,0,2018-05-01,5508,423
42,0,2018-06-01,5518,374
42,0,2018-07-01,5528,409
42,0,2018-08-01,5539,420
42,0,2018-09-01,5549,398
42,0,2018-10-01,5559,431
42,0,2018-11-01,5569,447
42,0,2018-12-01,5579,450
42,0,2019-01-01,5590,426
42,0,2019-02-01,5600,426
42,0,2019-03-01,5610,463
42,0,2019-04-01,5620,420
42,0,2019-05-01,5630,409
42,0,2019-06-01,5641,414
42,0,2019-07-01,5651,438
42,0,2019-08-01,5661,441
42,0,2019-09-01,5671,418
42,0,2019-10-01,5681,405
42,0,2019-11-01,5692,403
42,0,2019-12-01,5702,458
43,0,2015-01-01,5900,479
43,0,2015-02-01,5912,450
43,0,2015-03-01,5924,462
43,0,2015-04-01,5935,512
43,0,2015-05-01,5947,470
43,0,2015-06-01,5959,486
43,0,2015-07-01,5971,488
43,0,2015-08-01,5983,514
43,0,2015-09-01,5994,470
43,0,2015-10-01,6006,464
43,0,2015-11-01,6018,423
43,0,2015-12-01,6030,465
43,0,2016-01-01,6042,486
43,0,2016-02-01,6053,453
43,0,2016-03-01,6065,480
43,0,2016-04-01,6077,530
43,0,2016-05-01,6089,497
43,0,2016-06-01,6101,473
43,0,2016-07-01,6112,513
43,0,2016-08-01,6124,464
43,0,2016-09-01,6136,500
43,0,2016-10-01,6148,468
43,0,2016-11-01,6160,488
43,0,2016-12-01,6171,486
43,0,2017-01-01,6183,514
43,0,2017-02-01,6195,494
43,0,2017-03-01,6207,437
43,0,2017-04-01,6219,486
43,0,2017-05-01,6230,518
43,0,2017-06-01,6242,502
43,0,2017-07-01,6254,461
43,0,2017-08-01,6266,480
43,0,2017-09-01,6278,483
43,0,2017-10-01,6289,441
43,0,2017-11-01,6301,468
43,0,2017-12-01,6313,416
43,0,2018-01-01,6325,396
43,0,2018-02-01,6337,453
43,0,2018-03-01,6348,447
43,0,2018-04-01,6360,426
43,0,2018-05-01,6372,416
43,0,2018-06-01,6384,461
43,0,2018-07-01,6396,417
43,0,2018-08-01,6407,454
43,0,2018-09-01,6419,419
43,0,2018-10-01,6431,425
43,0,2018-11-01,6443,416
43,0,2018-12-01,6455,453
43,0,2019-01-01,6466,489
43,0,2019-02-01,6478,458
43,0,2019-03-01,6490,442
43,0,2019-04-01,6502,496
43,0,2019-05-01,6514,453
43,0,2019-06-01,6525,457
43,0,2019-07-01,6537,453
43,0,2019-08-01,6549,474
43,0,2019-09-01,6561,463
43,0,2019-10-01,6573,422
43,0,2019-11-01,6584,418
43,0,2019-12-01,6596,436
44,0,2015-01-01,11800,913
44,0,2015-02-01,11824,911
44,0,2015-03-01,11847,863
44,0,2015-04-01,11871,813
44,0,2015-05-01,11894,916
44,0,2015-06-01,11918,939
44,0,2015-07-01,11942,875
44,0,2015-08-01,11965,954
44,0,2015-09-01,11989,997
44,0,2015-10-01,12012,926
44,0,2015-11-01,12036,903
44,0,2015-12-01,12060,836
44,0,2016-01-01,12083,887
44,0,2016-02-01,12107,904
44,0,2016-03-01,12130,887
44,0,2016-04-01,12154,901
44,0,2016-05-01,12178,950
44,0,2016-06-01,12201,903
44,0,2016-07-01,12225,864
44,0,2016-08-01,12248,814
44,0,2016-09-01,12272,934
44,0,2016-10-01,12296,886
44,0,2016-11-01,12319,850
44,0,2016-12-01,12343,894
44,0,2017-01-01,12366,911
44,0,2017-02-01,12390,955
44,0,2017-03-01,12414,975
44,0,2017-04-01,12437,909
44,0,2017-05-01,12461,930
44,0,2017-06-01,12484,847
44,0,2017-07-01,12508,828
44,0,2017-08-01,12532,879
44,0,2017-09-01,12555,887
44,0,2017-10-01,12579,892
44,0,2017-11-01,12602,945
44,0,2017-12-01,12626,918
44,0,2018-01-01,12650,880
44,0,2018-02-01,12673,860
44,0,2018-03-01,12697,863
44,0,2018-04-01,12720,865
44,0,2018-05-01,12744,829
44,0,2018-06-01,12768,810
44,0,2018-07-01,12791,769
44,0,2018-08-01,12815,834
44,0,2018-09-01,12838,836
44,0,2018-10-01,12862,857
44,0,2018-11-01,12886,877
44,0,2018-12-01,12909,762
44,0,2019-01-01,12933,836
44,0,2019-02-01,12956,831
44,0,2019-03-01,12980,835
44,0,2019-04-01,13004,841
44,0,2019-05-01,13027,773
44,0,2019-06-01,13051,831
44,0,2019-07-01,13074,802
44,0,2019-08-01,13098,781
44,0,2019-09-01,13122,834
44,0,2019-10-01,13145,811
44,0,2019-11-01,13169,773
44,0,2019-12-01,13192,855
45,0,2015-01-01,5700,482
45,0,2015-02-01,5711,494
45,0,2015-03-01,5723,511
45,0,2015-04-01,5734,518
45,0,2015-05-01,5746,498
45,0,2015-06-01,5757,481
45,0,2015-07-01,5768,495
45,0,2015-08-01,5780,530
45,0,2015-09-01,5791,511
45,0,2015-10-01,5803,545
45,0,2015-11-01,5814,541
45,0,2015-12-01,5825,544
45,0,2016-01-01,5837,498
45,0,2016-02-01,5848,500
45,0,2016-03-01,5860,538
45,0,2016-04-01,5871,513
45,0,2016-05-01,5882,513
45,0,2016-06-01,5894,457
45,0,2016-07-01,5905,511
45,0,2016-08-01,5917,470
45,0,2016-09-01,5928,493
45,0,2016-10-01,5939,521
45,0,2016-11-01,5951,481
45,0,2016-12-01,5962,493
45,0,2017-01-01,5974,521
45,0,2017-02-01,5985,515
45,0,2017-03-01,5996,555
45,0,2017-04-01,6008,514
45,0,2017-05-01,6019,516
45,0,2017-06-01,6031,493
45,0,2017-07-01,6042,449
45,0,2017-08-01,6053,490
45,0,2017-09-01,6065,492
45,0,2017-10-01,6076,479
45,0,2017-11-01,6088,508
45,0,2017-12-01,6099,477
45,0,2018-01-01,6110,453
45,0,2018-02-01,6122,482
45,0,2018-03-01,6133,497
45,0,2018-04-01,6145,466
45,0,2018-05-01,6156,454
45,0,2018-06-01,6167,440
45,0,2018-07-01,6179,466
45,0,2018-08-01,6190,475
45,0,2018-09-01,6202,459
45,0,2018-10-01,6213,493
45,0,2018-11-01,6224,465
45,0,2018-12-01,6236,469
45,0,2019-01-01,6247,505
45,0,2019-02-01,6259,497
45,0,2019-03-01,6270,464
45,0,2019-04-01,6281,470
45,0,2019-05-01,6293,499
45,0,2019-06-01,6304,499
45,0,2019-07-01,6316,506
45,0,2019-08-01,6327,425
45,0,2019-09-01,6338,436
45,0,2019-10-01,6350,450
45,0,2019-11-01,6361,416
45,0,2019-12-01,6373,427
46,0,2015-01-01,12600,1110
46,0,2015-02-01,12625,1094
46,0,2015-03-01,12650,1043
46,0,2015-04-01,12676,1029
46,0,2015-05-01,12701,1045
46,0,2015-06-01,12726,1024
46,0,2015-07-01,12751,1107
46,0,2015-08-01,12776,1029
46,0,2015-09-01,12802,1102
46,0,2015-10-01,12827,1117
46,0,2015-11-01,12852,1046
46,0,2015-12-01,12877,1106
46,0,2016-01-01,12902,1076
46,0,2016-02-01,12928,1044
46,0,2016-03-01,12953,1072
46,0,2016-04-01,12978,1064
46,0,2016-05-01,13003,1075
46,0,2016-06-01,13028,1034
46,0,2016-07-01,13054,1023
46,0,2016-08-01,13079,1059
46,0,2016-09-01,13104,1055
46,0,2016-10-01,13129,1060
46,0,2016-11-01,13154,1022
46,0,2016-12-01,13180,1058
46,0,2017-01-01,13205,1015
46,0,2017-02-01,13230,991
46,0,2017-03-01,13255,1148
46,0,2017-04-01,13280,1057
46,0,2017-05-01,13306,1081
46,0,2017-06-01,13331,1110
46,0,2017-07-01,13356,978
46,0,2017-08-01,13381,995
46,0,2017-09-01,13406,1042
46,0,2017-10-01,13432,1012
46,0,2017-11-01,13457,1036
46,0,2017-12-01,13482,972
46,0,2018-01-01,13507,1062
46,0,2018-02-01,13532,979
46,0,2018-03-01,13558,1001
46,0,2018-04-01,13583,965
46,0,2018-05-01,13608,999
46,0,2018-06-01,13633,918
46,0,2018-07-01,13658,965
46,0,2018-08-01,13684,1001
46,0,2018-09-01,13709,979
46,0,2018-10-01,13734,1008
46,0,2018-11-01,13759,997
46,0,2018-12-01,13784,1009
46,0,2019-01-01,13810,988
46,0,2019-02-01,13835,1068
46,0,2019-03-01,13860,1067
46,0,2019-04-01,13885,983
46,0,2019-05-01,13910,994
46,0,2019-06-01,13936,1030
46,0,2019-07-01,13961,973
46,0,2019-08-01,13986,1001
46,0,2019-09-01,14011,1045
46,0,2019-10-01,14036,981
46,0,2019-11-01,14062,959
46,0,2019-12-01,14087,949
47,0,2015-01-01,6500,587
47,0,2015-02-01,6513,564
47,0,2015-03-01,6526,560
47,0,2015-04-01,6539,549
47,0,2015-05-01,6552,528
47,0,2015-06-01,6565,578
47,0,2015-07-01,6578,554
47,0,2015-08-01,6591,557
47,0,2015-09-01,6604,552
47,0,2015-10-01,6617,565
47,0,2015-11-01,6630,558
47,0,2015-12-01,6643,576
47,0,2016-01-01,6656,526
47,0,2016-02-01,6669,554
47,0,2016-03-01,6682,575
47,0,2016-04-01,6695,553
47,0,2016-05-01,6708,579
47,0,2016-06-01,6721,558
47,0,2016-07-01,6734,546
47,0,2016-08-01,6747,509
47,0,2016-09-01,6760,566
47,0,2016-10-01,6773,541
47,0,2016-11-01,6786,557
47,0,2016-12-01,6799,530
47,0,2017-01-01,6812,603
47,0,2017-02-01,6825,524
47,0,2017-03-01,6838,560
47,0,2017-04-01,6851,526
47,0,2017-05-01,6864,573
47,0,2017-06-01,6877,552
47,0,2017-07-01,6890,542
47,0,2017-08-01,6903,539
47,0,2017-09-01,6916,552
47,0,2017-10-01,6929,554
47,0,2017-11-01,6942,532
47,0,2017-12-01,6955,570
47,0,2018-01-01,6968,495
47,0,2018-02-01,6981,591
47,0,2018-03-01,6994,525
47,0,2018-04-01,7007,550
47,0,2018-05-01,7020,492
47,0,2018-06-01,7033,474
47,0,2018-07-01,7046,526
47,0,2018-08-01,7059,462
47,0,2018-09-01,7072,539
47,0,2018-10-01,7085,552
47,0,2018-11-01,7098,538
47,0,2018-12-01,7111,529
47,0,2019-01-01,7124,534
47,0,2019-02-01,7137,527
47,0,2019-03-01,7150,494
47,0,2019-04-01,7163,507
47,0,2019-05-01,7176,519
47,0,2019-06-01,7189,485
47,0,2019-07-01,7202,513
47,0,2019-08-01,7215,550
47,0,2019-09-01,7228,513
47,0,2019-10-01,7241,503
47,0,2019-11-01,7254,540
47,0,2019-12-01,7267,516
48,0,2015-01-01,17500,1228
48,0,2015-02-01,17535,1304
48,0,2015-03-01,17570,1380
48,0,2015-04-01,17605,1303
48,0,2015-05-01,17640,1340
48,0,2015-06-01,17675,1355
48,0,2015-07-01,17710,1303
48,0,2015-08-01,17745,1313
48,0,2015-09-01,17780,1349
48,0,2015-10-01,17815,1204
48,0,2015-11-01,17850,1321
48,0,2015-12-01,17885,1263
48,0,2016-01-01,17920,1277
48,0,2016-02-01,17955,1241
48,0,2016-03-01,17990,1247
48,0,2016-04-01,18025,1238
48,0,2016-05-01,18060,1204
48,0,2016-06-01,18095,1187
48,0,2016-07-01,18130,1233
48,0,2016-08-01,18165,1279
48,0,2016-09-01,18200,1233
48,0,2016-10-01,18235,1263
48,0,2016-11-01,18270,1216
48,0,2016-12-01,18305,1284
48,0,2017-01-01,18340,1304
48,0,2017-02-01,18375,1216
48,0,2017-03-01,18410,1321
48,0,2017-04-01,18445,1302
48,0,2017-05-01,18480,1279
48,0,2017-06-01,18515,1212
48,0,2017-07-01,18550,1216
48,0,2017-08-01,18585,1119
48,0,2017-09-01,18620,1243
48,0,2017-10-01,18655,1231
48,0,2017-11-01,18690,1260
48,0,2017-12-01,18725,1269
48,0,2018-01-01,18760,1282
48,0,2018-02-01,18795,1174
48,0,2018-03-01,18830,1190
48,0,2018-04-01,18865,1168
48,0,2018-05-01,18900,1151
48,0,2018-06-01,18935,1100
48,0,2018-07-01,18970,1148
48,0,2018-08-01,19005,1148
48,0,2018-09-01,19040,1066
48,0,2018-10-01,19075,1124
48,0,2018-11-01,19110,1116
48,0,2018-12-01,19145,1146
48,0,2019-01-01,19180,1145
48,0,2019-02-01,19215,1180
48,0,2019-03-01,19250,1184
48,0,2019-04-01,19285,1122
48,0,2019-05-01,19320,1149
48,0,2019-06-01,19355,1162
48,0,2019-07-01,19390,1146
48,0,2019-08-01,19425,1063
48,0,2019-09-01,19460,1128
48,0,2019-10-01,19495,1106
48,0,2019-11-01,19530,1077
48,0,2019-12-01,19565,1133
49,0,2015-01-01,5100,393
49,0,2015-02-01,5110,408
49,0,2015-03-01,5120,418
49,0,2015-04-01,5131,393
49,0,2015-05-01,5141,371
49,0,2015-06-01,5151,419
49,0,2015-07-01,5161,421
49,0,2015-08-01,5171,407
49,0,2015-09-01,5182,451
49,0,2015-10-01,5192,409
49,0,2015-11-01,5202,404
49,0,2015-12-01,5212,431
49,0,2016-01-01,5222,411
49,0,2016-02-01,5233,437
49,0,2016-03-01,5243,413
49,0,2016-04-01,5253,394
49,0,2016-05-01,5263,376
49,0,2016-06-01,5273,413
49,0,2016-07-01,5284,368
49,0,2016-08-01,5294,413
49,0,2016-09-01,5304,395
49,0,2016-10-01,5314,412
49,0,2016-11-01,5324,415
49,0,2016-12-01,5335,432
49,0,2017-01-01,5345,404
49,0,2017-02-01,5355,350
49,0,2017-03-01,5365,360
49,0,2017-04-01,5375,411
49,0,2017-05-01,5386,410
49,0,2017-06-01,5396,423
49,0,2017-07-01,5406,336
49,0,2017-08-01,5416,404
49,0,2017-09-01,5426,389
49,0,2017-10-01,5437,397
49,0,2017-11-01,5447,364
49,0,2017-12-01,5457,397
49,0,2018-01-01,5467,387
49,0,2018-02-01,5477,366
49,0,2018-03-01,5488,372
49,0,2018-04-01,5498,383
49,0,2018-05-01,5508,337
49,0,2018-06-01,5518,375
49,0,2018-07-01,5528,352
49,0,2018-08-01,5539,369
49,0,2018-09-01,5549,380
49,0,2018-10-01,5559,341
49,0,2018-11-01,5569,360
49,0,2018-12-01,5579,346
49,0,2019-01-01,5590,394
49,0,2019-02-01,5600,372
49,0,2019-03-01,5610,372
49,0,2019-04-01,5620,379
49,0,2019-05-01,5630,383
49,0,2019-06-01,5641,378
49,0,2019-07-01,5651,352
49,0,2019-08-01,5661,319
49,0,2019-09-01,5671,370
49,0,2019-10-01,5681,362
49,0,2019-11-01,5692,350
49,0,2019-12-01,5702,356
50,0,2015-01-01,8200,674
50,0,2015-02-01,8216,698
50,0,2015-03-01,8233,698
50,0,2015-04-01,8249,639
50,0,2015-05-01,8266,646
50,0,2015-06-01,8282,638
50,0,2015-07-01,8298,672
50,0,2015-08-01,8315,694
50,0,2015-09-01,8331,658
50,0,2015-10-01,8348,588
50,0,2015-11-01,8364,678
50,0,2015-12-01,8380,679
50,0,2016-01-01,8397,588
50,0,2016-02-01,8413,673
50,0,2016-03-01,8430,697
50,0,2016-04-01,8446,609
50,0,2016-05-01,8462,645
50,0,2016-06-01,8479,595
50,0,2016-07-01,8495,634
50,0,2016-08-01,8512,627
50,0,2016-09-01,8528,658
50,0,2016-10-01,8544,640
50,0,2016-11-01,8561,626
50,0,2016-12-01,8577,608
50,0,2017-01-01,8594,679
50,0,2017-02-01,8610,646
50,0,2017-03-01,8626,694
50,0,2017-04-01,8643,643
50,0,2017-05-01,8659,657
50,0,2017-06-01,8676,615
50,0,2017-07-01,8692,630
50,0,2017-08-01,8708,580
50,0,2017-09-01,8725,600
50,0,2017-10-01,8741,637
50,0,2017-11-01,8758,661
50,0,2017-12-01,8774,648
50,0,2018-01-01,8790,616
50,0,2018-02-01,8807,615
50,0,2018-03-01,8823,626
50,0,2018-04-01,8840,628
50,0,2018-05-01,8856,629
50,0,2018-06-01,8872,602
50,0,2018-07-01,8889,513
50,0,2018-08-01,8905,570
50,0,2018-09-01,8922,652
50,0,2018-10-01,8938,597
50,0,2018-11-01,8954,565
50,0,2018-12-01,8971,596
50,0,2019-01-01,8987,600
50,0,2019-02-01,9004,570
50,0,2019-03-01,9020,620
50,0,2019-04-01,9036,605
50,0,2019-05-01,9053,526
50,0,2019-06-01,9069,594
50,0,2019-07-01,9086,545
50,0,2019-08-01,9102,548
50,0,2019-09-01,9118,555
50,0,2019-10-01,9135,516
50,0,2019-11-01,9151,581
50,0,2019-12-01,9168,578
51,0,2015-01-01,6300,551
51,0,2015-02-01,6313,568
51,0,2015-03-01,6325,595
51,0,2015-04-01,6338,559
51,0,2015-05-01,6350,566
51,0,2015-06-01,6363,571
51,0,2015-07-01,6376,567
51,0,2015-08-01,6388,550
51,0,2015-09-01,6401,583
51,0,2015-10-01,6413,578
51,0,2015-11-01,6426,606
51,0,2015-12-01,6439,583
51,0,2016-01-01,6451,587
51,0,2016-02-01,6464,604
51,0,2016-03-01,6476,627
51,0,2016-04-01,6489,581
51,0,2016-05-01,6502,607
51,0,2016-06-01,6514,537
51,0,2016-07-01,6527,567
51,0,2016-08-01,6539,531
51,0,2016-09-01,6552,604
51,0,2016-10-01,6565,554
51,0,2016-11-01,6577,593
51,0,2016-12-01,6590,561
51,0,2017-01-01,6602,588
51,0,2017-02-01,6615,599
51,0,2017-03-01,6628,559
51,0,2017-04-01,6640,523
51,0,2017-05-01,6653,549
51,0,2017-06-01,6665,544
51,0,2017-07-01,6678,546
51,0,2017-08-01,6691,575
51,0,2017-09-01,6703,590
51,0,2017-10-01,6716,577
51,0,2017-11-01,6728,585
51,0,2017-12-01,6741,542
51,0,2018-01-01,6754,605
51,0,2018-02-01,6766,539
51,0,2018-03-01,6779,598
51,0,2018-04-01,6791,547
51,0,2018-05-01,6804,560
51,0,2018-06-01,6817,504
51,0,2018-07-01,6829,474
51,0,2018-08-01,6842,502
51,0,2018-09-01,6854,531
51,0,2018-10-01,6867,544
51,0,2018-11-01,6880,572
51,0,2018-12-01,6892,532
51,0,2019-01-01,6905,515
51,0,2019-02-01,6917,514
51,0,2019-03-01,6930,530
51,0,2019-04-01,6943,535
51,0,2019-05-01,6955,497
51,0,2019-06-01,6968,539
51,0,2019-07-01,6980,506
51,0,2019-08-01,6993,496
51,0,2019-09-01,7006,502
51,0,2019-10-01,7018,521
51,0,2019-11-01,7031,484
51,0,2019-12-01,7043,523
52,0,2015-01-01,5300,468
52,0,2015-02-01,5311,463
52,0,2015-03-01,5321,535
52,0,2015-04-01,5332,507
52,0,2015-05-01,5342,472
52,0,2015-06-01,5353,502
52,0,2015-07-01,5364,475
52,0,2015-08-01,5374,496
52,0,2015-09-01,5385,518
52,0,2015-10-01,5395,482
52,0,2015-11-01,5406,426
52,0,2015-12-01,5417,445
52,0,2016-01-01,5427,474
52,0,2016-02-01,5438,475
52,0,2016-03-01,5448,479
52,0,2016-04-01,5459,451
52,0,2016-05-01,5470,460
52,0,2016-06-01,5480,466
52,0,2016-07-01,5491,463
52,0,2016-08-01,5501,450
52,0,2016-09-01,5512,500
52,0,2016-10-01,5523,448
52,0,2016-11-01,5533,533
52,0,2016-12-01,5544,488
52,0,2017-01-01,5554,477
52,0,2017-02-01,5565,463
52,0,2017-03-01,5576,502
52,0,2017-04-01,5586,506
52,0,2017-05-01,5597,458
52,0,2017-06-01,5607,461
52,0,2017-07-01,5618,413
52,0,2017-08-01,5629,428
52,0,2017-09-01,5639,474
52,0,2017-10-01,5650,457
52,0,2017-11-01,5660,510
52,0,2017-12-01,5671,479
52,0,2018-01-01,5682,493
52,0,2018-02-01,5692,459
52,0,2018-03-01,5703,462
52,0,2018-04-01,5713,462
52,0,2018-05-01,5724,444
52,0,2018-06-01,5735,403
52,0,2018-07-01,5745,421
52,0,2018-08-01,5756,487
52,0,2018-09-01,5766,423
52,0,2018-10-01,5777,453
52,0,2018-11-01,5788,430
52,0,2018-12-01,5798,420
52,0,2019-01-01,5809,454
52,0,2019-02-01,5819,467
52,0,2019-03-01,5830,429
52,0,2019-04-01,5841,427
52,0,2019-05-01,5851,438
52,0,2019-06-01,5862,459
52,0,2019-07-01,5872,452
52,0,2019-08-01,5883,436
52,0,2019-09-01,5894,442
52,0,2019-10-01,5904,447
52,0,2019-11-01,5915,424
52,0,2019-12-01,5925,408
53,0,2015-01-01,7300,614
53,0,2015-02-01,7315,598
53,0,2015-03-01,7329,599
53,0,2015-04-01,7344,588
53,0,2015-05-01,7358,549
53,0,2015-06-01,7373,585
53,0,2015-07-01,7388,537
53,0,2015-08-01,7402,622
53,0,2015-09-01,7417,639
53,0,2015-10-01,7431,604
53,0,2015-11-01,7446,571
53,0,2015-12-01,7461,559
53,0,2016-01-01,7475,587
53,0,2016-02-01,7490,623
53,0,2016-03-01,7504,577
53,0,2016-04-01,7519,566
53,0,2016-05-01,7534,581
53,0,2016-06-01,7548,545
53,0,2016-07-01,7563,532
53,0,2016-08-01,7577,564
53,0,2016-09-01,7592,632
53,0,2016-10-01,7607,596
53,0,2016-11-01,7621,587
53,0,2016-12-01,7636,601
53,0,2017-01-01,7650,610
53,0,2017-02-01,7665,571
53,0,2017-03-01,7680,605
53,0,2017-04-01,7694,614
53,0,2017-05-01,7709,570
53,0,2017-06-01,7723,603
53,0,2017-07-01,7738,548
53,0,2017-08-01,7753,594
53,0,2017-09-01,7767,532
53,0,2017-10-01,7782,546
53,0,2017-11-01,7796,563
53,0,2017-12-01,7811,585
53,0,2018-01-01,7826,590
53,0,2018-02-01,7840,555
53,0,2018-03-01,7855,566
53,0,2018-04-01,7869,516
53,0,2018-05-01,7884,552
53,0,2018-06-01,7899,495
53,0,2018-07-01,7913,514
53,0,2018-08-01,7928,527
53,0,2018-09-01,7942,523
53,0,2018-10-01,7957,520
53,0,2018-11-01,7972,545
53,0,2018-12-01,7986,538
53,0,2019-01-01,8001,548
53,0,2019-02-01,8015,553
53,0,2019-03-01,8030,572
53,0,2019-04-01,8045,559
53,0,2019-05-01,8059,519
53,0,2019-06-01,8074,545
53,0,2019-07-01,8088,522
53,0,2019-08-01,8103,491
53,0,2019-09-01,8118,507
53,0,2019-10-01,8132,542
53,0,2019-11-01,8147,517
53,0,2019-12-01,8161,539
54,0,2015-01-01,9900,653
54,0,2015-02-01,9920,739
54,0,2015-03-01,9940,743
54,0,2015-04-01,9959,715
54,0,2015-05-01,9979,716
54,0,2015-06-01,9999,663
54,0,2015-07-01,10019,720
54,0,2015-08-01,10039,710
54,0,2015-09-01,10058,806
54,0,2015-10-01,10078,711
54,0,2015-11-01,10098,733
54,0,2015-12-01,10118,695
54,0,2016-01-01,10138,690
54,0,2016-02-01,10157,688
54,0,2016-03-01,10177,774
54,0,2016-04-01,10197,675
54,0,2016-05-01,10217,696
54,0,2016-06-01,10237,708
54,0,2016-07-01,10256,657
54,0,2016-08-01,10276,686
54,0,2016-09-01,10296,722
54,0,2016-10-01,10316,671
54,0,2016-11-01,10336,677
54,0,2016-12-01,10355,768
54,0,2017-01-01,10375,762
54,0,2017-02-01,10395,715
54,0,2017-03-01,10415,733
54,0,2017-04-01,10435,699
54,0,2017-05-01,10454,698
54,0,2017-06-01,10474,625
54,0,2017-07-01,10494,641
54,0,2017-08-01,10514,693
54,0,2017-09-01,10534,672
54,0,2017-10-01,10553,699
54,0,2017-11-01,10573,631
54,0,2017-12-01,10593,669
54,0,2018-01-01,10613,634
54,0,2018-02-01,10633,677
54,0,2018-03-01,10652,629
54,0,2018-04-01,10672,656
54,0,2018-05-01,10692,664
54,0,2018-06-01,10712,608
54,0,2018-07-01,10732,638
54,0,2018-08-01,10751,610
54,0,2018-09-01,10771,582
54,0,2018-10-01,10791,596
54,0,2018-11-01,10811,619
54,0,2018-12-01,10831,624
54,0,2019-01-01,10850,645
54,0,2019-02-01,10870,601
54,0,2019-03-01,10890,685
54,0,2019-04-01,10910,681
54,0,2019-05-01,10930,611
54,0,2019-06-01,10949,656
54,0,2019-07-01,10969,604
54,0,2019-08-01,10989,577
54,0,2019-09-01,11009,605
54,0,2019-10-01,11029,608
54,0,2019-11-01,11048,638
54,0,2019-12-01,11068,573
55,0,2015-01-01,15500,1270
55,0,2015-02-01,15531,1348
55,0,2015-03-01,15562,1328
55,0,2015-04-01,15593,1245
55,0,2015-05-01,15624,1211
55,0,2015-06-01,15655,1356
55,0,2015-07-01,15686,1259
55,0,2015-08-01,15717,1297
55,0,2015-09-01,15748,1250
55,0,2015-10-01,15779,1289
55,0,2015-11-01,15810,1158
55,0,2015-12-01,15841,1216
55,0,2016-01-01,15872,1194
55,0,2016-02-01,15903,1216
55,0,2016-03-01,15934,1262
55,0,2016-04-01,15965,1268
55,0,2016-05-01,15996,1282
55,0,2016-06-01,16027,1218
55,0,2016-07-01,16058,1253
55,0,2016-08-01,16089,1225
55,0,2016-09-01,16120,1306
55,0,2016-10-01,16151,1215
55,0,2016-11-01,16182,1320
55,0,2016-12-01,16213,1323
55,0,2017-01-01,16244,1270
55,0,2017-02-01,16275,1268
55,0,2017-03-01,16306,1267
55,0,2017-04-01,16337,1255
55,0,2017-05-01,16368,1296
55,0,2017-06-01,16399,1259
55,0,2017-07-01,16430,1189
55,0,2017-08-01,16461,1116
55,0,2017-09-01,16492,1219
55,0,2017-10-01,16523,1181
55,0,2017-11-01,16554,1203
55,0,2017-12-01,16585,1224
55,0,2018-01-01,16616,1171
55,0,2018-02-01,16647,1201
55,0,2018-03-01,16678,1227
55,0,2018-04-01,16709,1193
55,0,2018-05-01,16740,1173
55,0,2018-06-01,16771,1192
55,0,2018-07-01,16802,1122
55,0,2018-08-01,16833,1133
55,0,2018-09-01,16864,1179
55,0,2018-10-01,16895,1136
55,0,2018-11-01,16926,1215
55,0,2018-12-01,16957,1137
55,0,2019-01-01,16988,1158
55,0,2019-02-01,17019,1135
55,0,2019-03-01,17050,1176
55,0,2019-04-01,17081,1129
55,0,2019-05-01,17112,1091
55,0,2019-06-01,17143,1153
55,0,2019-07-01,17174,1167
55,0,2019-08-01,17205,1113
55,0,2019-09-01,17236,1161
55,0,2019-10-01,17267,1131
55,0,2019-11-01,17298,1187
55,0,2019-12-01,17329,1232
56,0,2015-01-01,5200,461
56,0,2015-02-01,5210,487
56,0,2015-03-01,5221,475
56,0,2015-04-01,5231,467
56,0,2015-05-01,5242,457
56,0,2015-06-01,5252,481
56,0,2015-07-01,5262,438
56,0,2015-08-01,5273,488
56,0,2015-09-01,5283,463
56,0,2015-10-01,5294,490
56,0,2015-11-01,5304,453
56,0,2015-12-01,5314,461
56,0,2016-01-01,5325,471
56,0,2016-02-01,5335,447
56,0,2016-03-01,5346,489
56,0,2016-04-01,5356,467
56,0,2016-05-01,5366,441
56,0,2016-06-01,5377,453
56,0,2016-07-01,5387,482
56,0,2016-08-01,5398,483
56,0,2016-09-01,5408,502
56,0,2016-10-01,5418,446
56,0,2016-11-01,5429,432
56,0,2016-12-01,5439,434
56,0,2017-01-01,5450,489
56,0,2017-02-01,5460,448
56,0,2017-03-01,5470,478
56,0,2017-04-01,5481,496
56,0,2017-05-01,5491,484
56,0,2017-06-01,5502,464
56,0,2017-07-01,5512,446
56,0,2017-08-01,5522,432
56,0,2017-09-01,5533,449
56,0,2017-10-01,5543,437
56,0,2017-11-01,5554,449
56,0,2017-12-01,5564,445
56,0,2018-01-01,5574,452
56,0,2018-02-01,5585,417
56,0,2018-03-01,5595,421
56,0,2018-04-01,5606,444
56,0,2018-05-01,5616,412
56,0,2018-06-01,5626,403
56,0,2018-07-01,5637,429
56,0,2018-08-01,5647,412
56,0,2018-09-01,5658,424
56,0,2018-10-01,5668,422
56,0,2018-11-01,5678,413
56,0,2018-12-01,5689,426
56,0,2019-01-01,5699,408
56,0,2019-02-01,5710,469
56,0,2019-03-01,5720,374
56,0,2019-04-01,5730,413
56,0,2019-05-01,5741,442
56,0,2019-06-01,5751,444
56,0,2019-07-01,5762,387
56,0,2019-08-01,5772,372
56,0,2019-09-01,5782,415
56,0,2019-10-01,5793,428
56,0,2019-11-01,5803,425
56,0,2019-12-01,5814,363
57,0,2015-01-01,16100,1297
57,0,2015-02-01,16132,1240
57,0,2015-03-01,16164,1219
57,0,2015-04-01,16197,1178
57,0,2015-05-01,16229,1146
57,0,2015-06-01,16261,1221
57,0,2015-07-01,16293,1177
57,0,2015-08-01,16325,1213
57,0,2015-09-01,16358,1263
57,0,2015-10-01,16390,1219
57,0,2015-11-01,16422,1239
57,0,2015-12-01,16454,1292
57,0,2016-01-01,16486,1255
57,0,2016-02-01,16519,1207
57,0,2016-03-01,16551,1257
57,0,2016-04-01,16583,1222
57,0,2016-05-01,16615,1139
57,0,2016-06-01,16647,1175
57,0,2016-07-01,16680,1168
57,0,2016-08-01,16712,1197
57,0,2016-09-01,16744,1255
57,0,2016-10-01,16776,1300
57,0,2016-11-01,16808,1181
57,0,2016-12-01,16841,1234
57,0,2017-01-01,16873,1301
57,0,2017-02-01,16905,1250
57,0,2017-03-01,16937,1185
57,0,2017-04-01,16969,1212
57,0,2017-05-01,17002,1241
57,0,2017-06-01,17034,1296
57,0,2017-07-01,17066,1183
57,0,2017-08-01,17098,1141
57,0,2017-09-01,17130,1097
57,0,2017-10-01,17163,1211
57,0,2017-11-01,17195,1244
57,0,2017-12-01,17227,1211
57,0,2018-01-01,17259,1197
57,0,2018-02-01,17291,1224
57,0,2018-03-01,17324,1192
57,0,2018-04-01,17356,1163
57,0,2018-05-01,17388,1060
57,0,2018-06-01,17420,1033
57,0,2018-07-01,17452,1076
57,0,2018-08-01,17485,1108
57,0,2018-09-01,17517,1040
57,0,2018-10-01,17549,1053
57,0,2018-11-01,17581,1195
57,0,2018-12-01,17613,1129
57,0,2019-01-01,17646,1204
57,0,2019-02-01,17678,1192
57,0,2019-03-01,17710,1145
57,0,2019-04-01,17742,1098
57,0,2019-05-01,17774,1084
57,0,2019-06-01,17807,1058
57,0,2019-07-01,17839,1062
57,0,2019-08-01,17871,1093
57,0,2019-09-01,17903,1081
57,0,2019-10-01,17935,1064
57,0,2019-11-01,17968,1127
57,0,2019-12-01,18000,1108
58,0,2015-01-01,5400,428
58,0,2015-02-01,5411,424
58,0,2015-03-01,5422,410
58,0,2015-04-01,5432,425
58,0,2015-05-01,5443,425
58,0,2015-06-01,5454,417
58,0,2015-07-01,5465,442
58,0,2015-08-01,5476,401
58,0,2015-09-01,5486,392
58,0,2015-10-01,5497,462
58,0,2015-11-01,5508,424
58,0,2015-12-01,5519,434
58,0,2016-01-01,5530,437
58,0,2016-02-01,5540,419
58,0,2016-03-01,5551,437
58,0,2016-04-01,5562,449
58,0,2016-05-01,5573,483
58,0,2016-06-01,5584,421
58,0,2016-07-01,5594,422
58,0,2016-08-01,5605,445
58,0,2016-09-01,5616,425
58,0,2016-10-01,5627,430
58,0,2016-11-01,5638,449
58,0,2016-12-01,5648,453
58,0,2017-01-01,5659,437
58,0,2017-02-01,5670,400
58,0,2017-03-01,5681,422
58,0,2017-04-01,5692,437
58,0,2017-05-01,5702,431
58,0,2017-06-01,5713,434
58,0,2017-07-01,5724,438
58,0,2017-08-01,5735,410
58,0,2017-09-01,5746,356
58,0,2017-10-01,5756,449
58,0,2017-11-01,5767,433
58,0,2017-12-01,5778,440
58,0,2018-01-01,5789,451
58,0,2018-02-01,5800,409
58,0,2018-03-01,5810,427
58,0,2018-04-01,5821,415
58,0,2018-05-01,5832,432
58,0,2018-06-01,5843,395
58,0,2018-07-01,5854,397
58,0,2018-08-01,5864,392
58,0,2018-09-01,5875,411
58,0,2018-10-01,5886,386
58,0,2018-11-01,5897,411
58,0,2018-12-01,5908,429
58,0,2019-01-01,5918,403
58,0,2019-02-01,5929,386
58,0,2019-03-01,5940,412
58,0,2019-04-01,5951,391
58,0,2019-05-01,5962,428
58,0,2019-06-01,5972,424
58,0,2019-07-01,5983,395
58,0,2019-08-01,5994,381
58,0,2019-09-01,6005,389
58,0,2019-10-01,6016,411
58,0,2019-11-01,6026,373
58,0,2019-12-01,6037,415
59,0,2015-01-01,12600,1104
59,0,2015-02-01,12625,992
59,0,2015-03-01,12650,1045
59,0,2015-04-01,12676,960
59,0,2015-05-01,12701,1025
59,0,2015-06-01,12726,1060
59,0,2015-07-01,12751,978
59,0,2015-08-01,12776,1003
59,0,2015-09-01,12802,1047
59,0,2015-10-01,12827,1029
59,0,2015-11-01,12852,1032
59,0,2015-12-01,12877,1026
59,0,2016-01-01,12902,1004
59,0,2016-02-01,12928,955
59,0,2016-03-01,12953,1034
59,0,2016-04-01,12978,1065
59,0,2016-05-01,13003,1074
59,0,2016-06-01,13028,1014
59,0,2016-07-01,13054,1023
59,0,2016-08-01,13079,904
59,0,2016-09-01,13104,1037
59,0,2016-10-01,13129,944
59,0,2016-11-01,13154,1005
59,0,2016-12-01,13180,1075
59,0,2017-01-01,13205,1044
59,0,2017-02-01,13230,1025
59,0,2017-03-01,13255,983
59,0,2017-04-01,13280,1028
59,0,2017-05-01,13306,980
59,0,2017-06-01,13331,907
59,0,2017-07-01,13356,908
59,0,2017-08-01,13381,877
59,0,2017-09-01,13406,967
59,0,2017-10-01,13432,970
59,0,2017-11-01,13457,921
59,0,2017-12-01,13482,1018
59,0,2018-01-01,13507,934
59,0,2018-02-01,13532,975
59,0,2018-03-01,13558,956
59,0,2018-04-01,13583,942
59,0,2018-05-01,13608,938
59,0,2018-06-01,13633,896
59,0,2018-07-01,13658,866
59,0,2018-08-01,13684,979
59,0,2018-09-01,13709,958
59,0,2018-10-01,13734,942
59,0,2018-11-01,13759,943
59,0,2018-12-01,13784,933
59,0,2019-01-01,13810,931
59,0,2019-02-01,13835,985
59,0,2019-03-01,13860,901
59,0,2019-04-01,13885,879
59,0,2019-05-01,13910,966
59,0,2019-06-01,13936,929
59,0,2019-07-01,13961,916
59,0,2019-08-01,13986,874
59,0,2019-09-01,14011,946
59,0,2019-10-01,14036,870
59,0,2019-11-01,14062,812
59,0,2019-12-01,14087,962
60,0,2015-01-01,7100,583
60,0,2015-02-01,7114,596
60,0,2015-03-01,7128,616
60,0,2015-04-01,7143,580
60,0,2015-05-01,7157,660
60,0,2015-06-01,7171,605
60,0,2015-07-01,7185,607
60,0,2015-08-01,7199,629
60,0,2015-09-01,7214,641
60,0,2015-10-01,7228,652
60,0,2015-11-01,7242,613
60,0,2015-12-01,7256,642
60,0,2016-01-01,7270,620
60,0,2016-02-01,7285,632
60,0,2016-03-01,7299,637
60,0,2016-04-01,7313,633
60,0,2016-05-01,7327,551
60,0,2016-06-01,7341,557
60,0,2016-07-01,7356,637
60,0,2016-08-01,7370,587
60,0,2016-09-01,7384,616
60,0,2016-10-01,7398,567
60,0,2016-11-01,7412,605
60,0,2016-12-01,7427,644
60,0,2017-01-01,7441,628
60,0,2017-02-01,7455,598
60,0,2017-03-01,7469,636
60,0,2017-04-01,7483,584
60,0,2017-05-01,7498,626
60,0,2017-06-01,7512,632
60,0,2017-07-01,7526,614
60,0,2017-08-01,7540,610
60,0,2017-09-01,7554,557
60,0,2017-10-01,7569,608
60,0,2017-11-01,7583,573
60,0,2017-12-01,7597,648
60,0,2018-01-01,7611,596
60,0,2018-02-01,7625,609
60,0,2018-03-01,7640,549
60,0,2018-04-01,7654,563
60,0,2018-05-01,7668,553
60,0,2018-06-01,7682,547
60,0,2018-07-01,7696,623
60,0,2018-08-01,7711,575
60,0,2018-09-01,7725,533
60,0,2018-10-01,7739,551
60,0,2018-11-01,7753,524
60,0,2018-12-01,7767,512
60,0,2019-01-01,7782,537
60,0,2019-02-01,7796,580
60,0,2019-03-01,7810,597
60,0,2019-04-01,7824,549
60,0,2019-05-01,7838,592
60,0,2019-06-01,7853,596
60,0,2019-07-01,7867,491
60,0,2019-08-01,7881,592
60,0,2019-09-01,7895,544
60,0,2019-10-01,7909,587
60,0,2019-11-01,7924,566
60,0,2019-12-01,7938,570
