pid,months,event
T001,24.903896,0
T002,25.713838,0
T003,28.353408,0
T004,11.711834,1
T005,4.524690,1
T006,17.110868,1
T007,24.532980,1
T008,22.091944,1
T009,0.721962,1
T010,28.869264,0
T011,23.473675,1
T012,15.893420,1
T013,6.421518,1
T014,15.171720,1
T015,26.028145,1
T016,16.264386,1
T017,24.242402,1
T018,28.899456,0
T019,24.617849,0
T020,4.093045,1
T021,26.069837,0
T022,6.859058,1
T023,29.053110,0
T024,29.176517,0
T025,7.717456,1
T026,11.599618,1
T027,24.238467,0
T028,2.553213,1
T029,24.584988,1
T030,13.413358,1
T031,15.428849,1
T032,29.378511,0
T033,26.499631,0
T034,27.441926,0
T035,14.682546,1
T036,24.062295,0
T037,3.097153,1
T038,27.143645,0
T039,25.399427,0
T040,0.752273,1
T041,24.820952,1
T042,28.431044,0
T043,3.810518,1
T044,21.347506,1
T045,27.052350,0
T046,18.854143,1
T047,26.837018,0
T048,26.224616,0
T049,28.377195,0
T050,23.203212,1
T051,0.122579,1
T052,17.002866,1
T053,14.373798,1
T054,26.822121,0
T055,7.554075,1
T056,9.938524,1
T057,26.816105,0
T058,29.442607,0
T059,27.681742,0
T060,24.753403,0
T061,24.657075,0
T062,13.909814,1
T063,29.581309,0
T064,17.932218,1
T065,8.696731,1
T066,22.221177,1
T067,29.970167,0
T068,2.494413,1
T069,25.811277,0
T070,27.607725,0
T071,24.920897,0
T072,24.030635,0
T073,29.344766,0
T074,29.302195,0
T075,1.423691,1
T076,29.329863,0
T077,28.132374,0
T078,24.899098,0
T079,29.349297,0
T080,24.257492,0
T081,19.827917,1
T082,24.543060,0
T083,16.579447,1
T084,29.699514,0
T085,25.782552,0
T086,28.687702,0
T087,24.439684,1
T088,3.109032,1
T089,25.479480,0
T090,13.408226,1
T091,28.587159,0
T092,3.483688,1
T093,17.612067,1
T094,19.198448,1
T095,17.317868,1
T096,26.943106,0
T097,9.023781,1
T098,1.958404,1
T099,27.115756,0
T100,12.480359,1
T101,26.543312,0
T102,27.315139,0
T103,9.754249,1
T104,14.634742,1
T105,25.312480,0
T106,29.116863,0
T107,7.927583,1
T108,1.135193,1
T109,24.884121,0
T110,25.802417,0
T111,27.371960,0
T112,17.220185,1
T113,27.417074,0
T114,29.583131,0
T115,25.965771,0
T116,24.510780,0
T117,28.274245,0
T118,23.529856,1
T119,27.211048,0
T120,29.594210,0
T121,27.046032,0
T122,25.591477,0
T123,25.355267,1
T124,24.047286,0
T125,24.506513,0
T126,2.774067,1
T127,25.213315,0
T128,24.565156,0
T129,0.299030,1
T130,19.050963,1
T131,24.387820,0
T132,24.808683,1
T133,8.965393,1
T134,25.515867,1
T135,7.204232,1
T136,25.979291,0
T137,15.611954,1
T138,1.273119,1
T139,17.870253,1
T140,27.089571,0
T141,24.378127,0
T142,29.017228,0
T143,26.827116,0
T144,18.864048,1
T145,18.648015,1
T146,20.345796,1
T147,15.664281,1
T148,26.193651,0
T149,14.652037,1
T150,2.722432,1
T151,24.310264,0
T152,23.038602,1
T153,25.688853,0
T154,17.054185,1
T155,12.835760,1
T156,21.113540,1
T157,27.734088,0
T158,4.463193,1
T159,27.304705,0
T160,19.977506,1
T161,4.328450,1
T162,4.072357,1
T163,8.327921,1
T164,24.740783,0
T165,12.263965,1
T166,29.796156,0
T167,21.086759,1
T168,28.780849,0
T169,24.235037,0
T170,25.716709,0
T171,26.969801,0
T172,19.013357,1
T173,9.425597,1
T174,17.190695,1
T175,28.398062,0
T176,17.758610,1
T177,13.206483,1
T178,16.514613,1
T179,29.125568,0
T180,29.092994,0
T181,25.417869,0
T182,18.752506,1
T183,25.841190,0
T184,24.600619,0
T185,9.204794,1
T186,4.504844,1
T187,26.235194,0
T188,24.302142,0
T189,11.418816,1
T190,24.659554,1
T191,8.846719,1
T192,28.917082,0
T193,22.237626,1
T194,4.213215,1
T195,27.100681,0
T196,19.246285,1
T197,16.702379,1
T198,11.388792,1
T199,4.736418,1
T200,24.904189,0
T201,27.312038,0
T202,27.772247,0
T203,19.442942,1
T204,27.244611,0
T205,27.617495,0
T206,10.955426,1
T207,24.055975,0
T208,29.589047,0
T209,12.207891,1
T210,25.399893,0
T211,25.834037,0
T212,25.921467,0
T213,19.228844,1
T214,3.683286,1
T215,25.998665,0
T216,11.877854,1
T217,25.439422,0
T218,24.278666,0
T219,27.513080,0
T220,29.274254,0
T221,25.323438,0
T222,8.078793,1
T223,2.223223,1
T224,8.398363,1
T225,25.071673,0
T226,27.707076,0
T227,0.720559,1
T228,4.840649,1
T229,27.673413,0
T230,23.418858,1
T231,25.796531,0
T232,8.407207,1
T233,14.313923,1
T234,1.090489,1
T235,3.448195,1
T236,29.440965,0
T237,27.986342,0
T238,26.931522,0
T239,25.550285,0
T240,27.474144,0
T241,28.332233,0
T242,26.155026,0
T243,27.786352,1
T244,24.841295,0
T245,3.305225,1
T246,28.383410,0
T247,27.391847,0
T248,22.849235,1
T249,21.892290,1
T250,29.414065,0
T251,27.585102,0
T252,29.076214,0
T253,25.893241,0
T254,25.441511,0
T255,26.262402,0
T256,29.817829,0
T257,29.205808,0
T258,22.263493,1
T259,18.448332,1
T260,4.490053,1
T261,26.897202,0
T262,27.476291,0
T263,19.780539,1
T264,29.035446,0
T265,14.351807,1
T266,27.314664,0
T267,6.146519,1
T268,28.426000,0
T269,14.488243,1
T270,24.742579,0
T271,29.626015,0
T272,15.794159,1
T273,2.665033,1
T274,24.603078,1
T275,1.358370,1
T276,4.785439,1
T277,23.123175,1
T278,29.060436,0
T279,27.328817,0
T280,23.206099,1
T281,26.532420,0
T282,20.039434,1
T283,15.109801,1
T284,22.563001,1
T285,28.158533,0
T286,24.223085,0
T287,29.428464,0
T288,25.704308,0
T289,19.415864,1
T290,24.735013,0
T291,28.103593,0
T292,28.190045,0
T293,9.764578,1
T294,28.736620,0
T295,26.088969,0
T296,28.897288,0
T297,27.637152,0
T298,22.461487,1
T299,26.653459,0
T300,9.636954,1
